corpus,hook,label,kind,group,n_rows,mean_active,fraction_zero_rows,mean_relative_l2_error,mean_cosine_similarity,reconstruction_r2_centered
provo,blocks.0.hook_resid_pre,L01,post,all,2743,12.613926358002187,0.0,0.0446919724345207,0.996838927268982,0.9805773317637706
provo,blocks.0.hook_resid_pre,L01,prefix,all,2743,12.644185198687568,0.0,0.0442377366125583,0.9968450665473938,0.983302661472722
provo,blocks.0.hook_resid_pre,L01,prefix,text_token,2688,12.780133928571429,0.0,0.0450887270271778,0.9967805743217468,0.9802172585413491
provo,blocks.0.hook_resid_pre,L01,prefix,bos,55,6.0,0.0,0.0026475056074559,0.9999966025352478,
provo,blocks.1.hook_resid_pre,L02,post,all,2743,14.092599343784178,0.0,0.113442949950695,0.9927332997322084,0.946214600204915
provo,blocks.1.hook_resid_pre,L02,prefix,all,2743,14.0156762668611,0.0,0.1117240637540817,0.9928128719329834,0.966207879760755
provo,blocks.1.hook_resid_pre,L02,prefix,text_token,2688,14.20014880952381,0.0,0.1139202564954757,0.992665946483612,0.9459115305013093
provo,blocks.1.hook_resid_pre,L02,prefix,bos,55,5.0,0.0,0.0043903007172048,0.9999936819076538,
provo,blocks.2.hook_resid_pre,L03,post,all,2743,18.65840320816624,0.0,0.1273341923952102,0.99097341299057,0.9405916836884809
provo,blocks.2.hook_resid_pre,L03,prefix,all,2743,18.61611374407583,0.0,0.1257359087467193,0.9910469651222228,0.992808185902514
provo,blocks.2.hook_resid_pre,L03,prefix,text_token,2688,18.81287202380953,0.0,0.1281580626964569,0.9908639788627625,0.9401528781790381
provo,blocks.2.hook_resid_pre,L03,prefix,bos,55,9.0,0.0,0.0073579815216362,0.9999939799308776,
provo,blocks.3.hook_resid_pre,L04,post,all,2743,26.68173532628509,0.0,0.1683919131755828,0.9849196076393129,0.9137335609845819
provo,blocks.3.hook_resid_pre,L04,prefix,all,2743,26.561793656580388,0.0,0.1660657078027725,0.9850642681121826,0.9990444740468147
provo,blocks.3.hook_resid_pre,L04,prefix,text_token,2688,26.85974702380953,0.0,0.1693741232156753,0.984758734703064,0.9133404955705959
provo,blocks.3.hook_resid_pre,L04,prefix,bos,55,12.0,0.0,0.0043741767294704,0.9999923706054688,
provo,blocks.4.hook_resid_pre,L05,post,all,2743,34.38570907765221,0.0,0.2015290558338165,0.9787406325340272,0.8923360910356062
provo,blocks.4.hook_resid_pre,L05,prefix,all,2743,34.12285818446956,0.0,0.1986396461725235,0.9789631366729736,0.9986582091300295
provo,blocks.4.hook_resid_pre,L05,prefix,text_token,2688,34.595982142857146,0.0,0.2026160955429077,0.9785327911376952,0.8919893891844554
provo,blocks.4.hook_resid_pre,L05,prefix,bos,55,11.0,0.0,0.0042977603152394,0.9999986290931702,
provo,blocks.5.hook_resid_pre,L06,post,all,2743,45.19212541013489,0.0,0.226112350821495,0.973616361618042,0.8780195476171303
provo,blocks.5.hook_resid_pre,L06,prefix,all,2743,44.58621946773606,0.0,0.2223312556743621,0.973980724811554,0.9983175988760478
provo,blocks.5.hook_resid_pre,L06,prefix,text_token,2688,45.31436011904762,0.0,0.2268477827310562,0.9734483361244202,0.8778226636270576
provo,blocks.5.hook_resid_pre,L06,prefix,bos,55,9.0,0.0,0.0015951559180393,0.9999992847442628,
provo,blocks.6.hook_resid_pre,L07,post,all,2743,51.916879329201606,0.0,0.2471093237400055,0.9685195684432985,0.8649892879177152
provo,blocks.6.hook_resid_pre,L07,prefix,all,2743,51.28837039737514,0.0,0.2431408762931823,0.968923270702362,0.997786884374157
provo,blocks.6.hook_resid_pre,L07,prefix,text_token,2688,52.09226190476191,0.0,0.2480517625808715,0.9682874083518982,0.8646986060952249
provo,blocks.6.hook_resid_pre,L07,prefix,bos,55,12.0,0.0,0.0031322883442044,0.9999966621398926,
provo,blocks.7.hook_resid_pre,L08,post,all,2743,60.37404301859278,0.0,0.2643387913703918,0.9640456438064576,0.8526092932939081
provo,blocks.7.hook_resid_pre,L08,prefix,all,2743,59.49179730222384,0.0,0.2599347233772278,0.964549958705902,0.9969904963106514
provo,blocks.7.hook_resid_pre,L08,prefix,text_token,2688,60.504464285714285,0.0,0.2651615738868713,0.9638246893882751,0.8523019750270805
provo,blocks.7.hook_resid_pre,L08,prefix,bos,55,10.0,0.0,0.00448585068807,0.9999927878379822,
provo,blocks.8.hook_resid_pre,L09,post,all,2743,69.2814436748086,0.0,0.2741681337356567,0.9612087607383728,0.8446360247168904
provo,blocks.8.hook_resid_pre,L09,prefix,all,2743,68.25847612103536,0.0,0.2696900069713592,0.961721122264862,0.9958251871200878
provo,blocks.8.hook_resid_pre,L09,prefix,text_token,2688,69.49144345238095,0.0,0.2751615047454834,0.9609378576278688,0.8441339742012989
provo,blocks.8.hook_resid_pre,L09,prefix,bos,55,8.0,0.0,0.0022829177323728,0.9999983906745912,
provo,blocks.9.hook_resid_pre,L10,post,all,2743,76.48596427269413,0.0,0.2815196514129638,0.9590685963630676,0.8334206813163194
provo,blocks.9.hook_resid_pre,L10,prefix,all,2743,75.56434560699964,0.0,0.2770938873291015,0.9595657587051392,0.9936865542590527
provo,blocks.9.hook_resid_pre,L10,prefix,text_token,2688,76.86495535714286,0.0,0.2827047109603882,0.9587384462356568,0.832745699172262
provo,blocks.9.hook_resid_pre,L10,prefix,bos,55,12.0,0.0,0.0028782582376152,0.9999983906745912,
provo,blocks.10.hook_resid_pre,L11,post,all,2743,58.16806416332483,0.0,0.2974766790866852,0.954372763633728,0.7996066509226044
provo,blocks.10.hook_resid_pre,L11,prefix,all,2743,57.508567262121765,0.0,0.2931355834007263,0.9549826979637146,0.9878995283970796
provo,blocks.10.hook_resid_pre,L11,prefix,text_token,2688,58.48065476190476,0.0,0.2985030710697174,0.9540615081787108,0.7989138815040973
provo,blocks.10.hook_resid_pre,L11,prefix,bos,55,10.0,0.0,0.0308118145912885,0.9999995231628418,
provo,blocks.11.hook_resid_pre,L12,post,all,2743,62.41961356179365,0.0,0.2536678612232208,0.9666209816932678,0.8009353796986866
provo,blocks.11.hook_resid_pre,L12,prefix,all,2743,61.55450236966825,0.0,0.2492844015359878,0.9671151638031006,0.9827072635628891
provo,blocks.11.hook_resid_pre,L12,prefix,text_token,2688,62.62983630952381,0.0,0.2543431222438812,0.9664422869682312,0.8002874947176435
provo,blocks.11.hook_resid_pre,L12,prefix,bos,55,9.0,0.0,0.0020519404206424,0.9999977946281432,
provo,blocks.11.hook_resid_post,final_resid_post,post,all,2743,70.71673350346336,0.0,0.1742057651281356,0.9844256639480592,0.8262661382264843
provo,blocks.11.hook_resid_post,final_resid_post,prefix,all,2743,69.69012030623405,0.0,0.1717627048492431,0.984609603881836,0.8418549917750808
provo,blocks.11.hook_resid_post,final_resid_post,prefix,text_token,2688,71.03422619047619,0.0,0.174944669008255,0.9842965006828308,0.8236767730367909
provo,blocks.11.hook_resid_post,final_resid_post,prefix,bos,55,4.0,0.0,0.0162514466792345,0.9999109506607056,
natural_stories,blocks.0.hook_resid_pre,L01,post,all,10256,10.64498829953198,0.0,0.0481999032199382,0.9963247776031494,0.9760263815510879
natural_stories,blocks.0.hook_resid_pre,L01,prefix,all,10256,10.600234009360374,0.0,0.0481230244040489,0.9963304400444032,0.97630580940388
natural_stories,blocks.0.hook_resid_pre,L01,prefix,text_token,10246,10.604723794651573,0.0,0.0481674075126647,0.9963268637657166,0.976031608173941
natural_stories,blocks.0.hook_resid_pre,L01,prefix,bos,10,6.0,0.0,0.0026475058402866,0.999996542930603,
natural_stories,blocks.1.hook_resid_pre,L02,post,all,10256,14.807332293291733,0.0,0.1184645965695381,0.9920156598091124,0.9406296213643457
natural_stories,blocks.1.hook_resid_pre,L02,prefix,all,10256,14.75585023400936,0.0,0.1183205097913742,0.9920273423194884,0.942597637432322
natural_stories,blocks.1.hook_resid_pre,L02,prefix,text_token,10246,14.765371852430215,0.0,0.1184316948056221,0.992019534111023,0.9406206444466039
natural_stories,blocks.1.hook_resid_pre,L02,prefix,bos,10,5.0,0.0,0.0043903002515435,0.9999939203262328,
natural_stories,blocks.2.hook_resid_pre,L03,post,all,10256,19.976014040561623,0.0,0.1379550546407699,0.9895461201667786,0.9285775527801665
natural_stories,blocks.2.hook_resid_pre,L03,prefix,all,10256,19.89742589703588,0.0,0.1378301233053207,0.9895555377006532,0.9486371871231809
natural_stories,blocks.2.hook_resid_pre,L03,prefix,text_token,10246,19.908061682607848,0.0,0.1379574686288833,0.9895453453063964,0.9285410063219406
natural_stories,blocks.2.hook_resid_pre,L03,prefix,bos,10,9.0,0.0,0.0073579819872975,0.999994158744812,
natural_stories,blocks.3.hook_resid_pre,L04,post,all,10256,27.067570202808117,0.0,0.1780957728624344,0.9832980632781982,0.8993343438614777
natural_stories,blocks.3.hook_resid_pre,L04,prefix,all,10256,26.995807332293293,0.0,0.1779271215200424,0.9833146333694458,0.9828600153236609
natural_stories,blocks.3.hook_resid_pre,L04,prefix,text_token,10246,27.010443099746244,0.0,0.178096517920494,0.9832982420921326,0.8993113181673354
natural_stories,blocks.3.hook_resid_pre,L04,prefix,bos,10,12.0,0.0,0.0043741771951317,0.9999923706054688,
natural_stories,blocks.4.hook_resid_pre,L05,post,all,10256,34.57576053042121,0.0,0.2115345001220703,0.9767202734947203,0.8794933679323564
natural_stories,blocks.4.hook_resid_pre,L05,prefix,all,10256,34.48478939157566,0.0,0.211337611079216,0.976743221282959,0.9769270133141797
natural_stories,blocks.4.hook_resid_pre,L05,prefix,text_token,10246,34.507710325980874,0.0,0.2115396857261657,0.9767205119132996,0.8794881537133137
natural_stories,blocks.4.hook_resid_pre,L05,prefix,bos,10,11.0,0.0,0.0042977603152394,0.9999983906745912,
natural_stories,blocks.5.hook_resid_pre,L06,post,all,10256,47.094676287051485,0.0,0.2380510866641998,0.9708524346351624,0.8646557770101819
natural_stories,blocks.5.hook_resid_pre,L06,prefix,all,10256,46.94042511700468,0.0,0.2377998530864715,0.9708880186080932,0.971418396029799
natural_stories,blocks.5.hook_resid_pre,L06,prefix,text_token,10246,46.97745461643568,0.0,0.2380303889513015,0.9708596467971802,0.8646604747337203
natural_stories,blocks.5.hook_resid_pre,L06,prefix,bos,10,9.0,0.0,0.0015951560344547,0.999999225139618,
natural_stories,blocks.6.hook_resid_pre,L07,post,all,10256,54.24502730109205,0.0,0.2591900527477264,0.9654584527015686,0.8521866955813479
natural_stories,blocks.6.hook_resid_pre,L07,prefix,all,10256,54.1072542901716,0.0,0.2589204907417297,0.965499222278595,0.9638250377477556
natural_stories,blocks.6.hook_resid_pre,L07,prefix,text_token,10246,54.14835057583447,0.0,0.2591701149940491,0.9654655456542968,0.8521972319255495
natural_stories,blocks.6.hook_resid_pre,L07,prefix,bos,10,12.0,0.0,0.0031322888098657,0.9999968409538268,
natural_stories,blocks.7.hook_resid_pre,L08,post,all,10256,63.125780031201245,0.0,0.2801527976989746,0.9597864747047424,0.838029700090482
natural_stories,blocks.7.hook_resid_pre,L08,prefix,all,10256,62.96977379095164,0.0,0.2798339426517486,0.9598409533500672,0.9530639678536778
natural_stories,blocks.7.hook_resid_pre,L08,prefix,text_token,10246,63.02147179387078,0.0,0.2801026999950409,0.9598017930984496,0.8380689912193398
natural_stories,blocks.7.hook_resid_pre,L08,prefix,bos,10,10.0,0.0,0.0044858520850539,0.9999927282333374,
natural_stories,blocks.8.hook_resid_pre,L09,post,all,10256,73.63436037441498,0.0,0.2939904034137726,0.9556315541267396,0.8282563217681709
natural_stories,blocks.8.hook_resid_pre,L09,prefix,all,10256,73.43710998439937,0.0,0.2936889231204986,0.9556833505630492,0.938745082208638
natural_stories,blocks.8.hook_resid_pre,L09,prefix,text_token,10246,73.5009759906305,0.0,0.2939733266830444,0.9556400775909424,0.828260530871004
natural_stories,blocks.8.hook_resid_pre,L09,prefix,bos,10,8.0,0.0,0.0022829177323728,0.9999982118606568,
natural_stories,blocks.9.hook_resid_pre,L10,post,all,10256,81.35296411856474,0.0,0.3044095039367676,0.9523613452911376,0.8169992073493217
natural_stories,blocks.9.hook_resid_pre,L10,prefix,all,10256,81.16107644305772,0.0,0.3040908873081207,0.9524169564247132,0.9190077913996494
natural_stories,blocks.9.hook_resid_pre,L10,prefix,text_token,10246,81.22857700566074,0.0,0.3043848276138305,0.9523705244064332,0.8169915147078622
natural_stories,blocks.9.hook_resid_pre,L10,prefix,bos,10,12.0,0.0,0.0028782575391232,0.9999982118606568,
natural_stories,blocks.10.hook_resid_pre,L11,post,all,10256,61.73751950078003,0.0,0.3254818022251129,0.9455207586288452,0.774882104850118
natural_stories,blocks.10.hook_resid_pre,L11,prefix,all,10256,61.57127535101404,0.0,0.3251435756683349,0.9455950260162354,0.8763938056557239
natural_stories,blocks.10.hook_resid_pre,L11,prefix,text_token,10246,61.62160843255905,0.0,0.3254308104515075,0.9455419182777404,0.7748884101949303
natural_stories,blocks.10.hook_resid_pre,L11,prefix,bos,10,10.0,0.0,0.030811820179224,0.9999994039535522,
natural_stories,blocks.11.hook_resid_pre,L12,post,all,10256,67.86690717628706,0.0,0.2889579534530639,0.9570189714431764,0.7701357446136243
natural_stories,blocks.11.hook_resid_pre,L12,prefix,all,10256,67.70388065522621,0.0,0.2885893583297729,0.9570900797843932,0.8481890308563355
natural_stories,blocks.11.hook_resid_pre,L12,prefix,text_token,10246,67.76117509271911,0.0,0.2888690233230591,0.957048237323761,0.7701734315187597
natural_stories,blocks.11.hook_resid_pre,L12,prefix,bos,10,9.0,0.0,0.0020519401878118,0.9999979734420776,
natural_stories,blocks.11.hook_resid_post,final_resid_post,post,all,10256,76.66536661466459,0.0,0.1798157840967178,0.9836711287498474,0.8013939519354119
natural_stories,blocks.11.hook_resid_post,final_resid_post,prefix,all,10256,76.55508970358814,0.0,0.1796349734067917,0.983689785003662,0.8025899342662111
natural_stories,blocks.11.hook_resid_post,final_resid_post,prefix,text_token,10246,76.6259027913332,0.0,0.1797944456338882,0.9836739897727966,0.801429240970642
natural_stories,blocks.11.hook_resid_post,final_resid_post,prefix,bos,10,4.0,0.0,0.0162514466792345,0.9999106526374816,
