corpus,layer,feature_id,coef,direction,mean_act,pct_active,selection_rate,mean_cv_coef,sign_agreement
provo,1,7101,-0.008506779337855114,negative,0.04286475107073784,3.193916349809886,1.0,-0.007620381902185972,1.0
provo,1,14326,-0.007127700016356607,negative,0.04890918731689453,19.08745247148289,1.0,-0.006250319383232172,1.0
provo,1,13303,-0.005548767120535142,negative,0.03959224745631218,8.136882129277566,1.0,-0.0051662283861969496,1.0
provo,1,11916,-0.005061582707723255,negative,0.008084556087851524,2.167300380228137,1.0,-0.0039556011877315365,1.0
provo,1,2122,-0.005032510920652357,negative,0.006978898774832487,8.70722433460076,1.0,-0.004298484014318279,1.0
provo,1,7661,-0.004446081775575565,negative,0.027482405304908752,3.193916349809886,1.0,-0.0034761585609910904,1.0
provo,1,10540,-0.003968347253383062,negative,0.0027723214589059353,0.11406844106463879,0.8,-0.0036582062257620256,1.0
provo,1,10337,-0.002971762021179033,negative,0.021320035681128502,7.26235741444867,1.0,-0.002009535146370866,1.0
provo,1,15603,0.0028776453728381586,positive,0.09468142688274384,26.92015209125475,0.6,0.0032925029392219464,1.0
provo,1,17111,-0.0027051665730033715,negative,0.000458715163404122,0.11406844106463879,0.8,-0.002206851364569073,1.0
provo,1,23581,0.002629995730971656,positive,0.061787575483322144,26.121673003802282,1.0,0.0015539441802429397,1.0
provo,1,20184,-0.0024498510698112417,negative,0.02518453635275364,2.129277566539924,1.0,-0.0008020444178938842,1.0
provo,1,17627,-0.0023138842401668434,negative,0.01274509634822607,0.7604562737642585,1.0,-0.001412975114128925,1.0
provo,1,16566,0.002264469908334466,positive,0.004141197539865971,0.494296577946768,0.8,0.001870731322864935,1.0
provo,1,23529,-0.002123472616546811,negative,0.024048451334238052,1.1026615969581748,0.8,-0.001737132385731058,1.0
provo,1,8941,-0.0017513999792749969,negative,0.03705606609582901,17.224334600760457,0.6,-0.0022223430729276477,1.0
provo,1,21023,-0.001745793561894715,negative,0.03546364605426788,2.547528517110266,0.8,-0.0013769668379800058,1.0
provo,1,14998,0.0014944260003465564,positive,0.003486262634396553,4.524714828897338,0.8,0.0019511882440579906,1.0
provo,1,19245,-0.0014573106150549632,negative,0.0007338213035836816,0.1520912547528517,0.6,-0.001688250749095924,1.0
provo,1,13953,-0.0014119255864381073,negative,0.007817328907549381,8.821292775665398,0.8,-0.0013389015525092625,1.0
provo,1,470,0.0014012860298559067,positive,0.0018736646743491292,0.11406844106463879,0.6,0.0019262505104684635,1.0
provo,1,10480,-0.0011687539318109535,negative,0.00010688860493246466,0.1520912547528517,0.6,-0.0009528773403025781,1.0
provo,1,22875,-0.0011574007697545017,negative,0.010087667033076286,0.532319391634981,0.4,-0.0013223650268163619,1.0
provo,1,13670,-0.0010985155330352854,negative,0.02040250040590763,2.319391634980988,0.6,-0.0009660210143614556,1.0
provo,1,7259,0.0010638178847859957,positive,0.010360156185925007,1.4448669201520912,0.6,0.0009396297234553662,1.0
provo,1,1678,0.0009302504052479738,positive,0.004717242904007435,1.2167300380228137,0.2,0.002651895844497431,1.0
provo,1,8502,0.0009000734087327438,positive,0.0003041390737053007,0.3041825095057034,0.6,0.0007808765623516114,1.0
provo,1,22160,-0.0007702683566007861,negative,0.0032351077534258366,0.1520912547528517,0.4,-0.000906625422838628,1.0
provo,1,5734,-0.0007526673164448435,negative,0.0023082043044269085,0.11406844106463879,0.6,-0.0008263157435915803,1.0
provo,1,12184,-0.0007391261322548608,negative,0.010904411785304546,0.5703422053231939,0.4,-0.0007193355263496226,1.0
provo,1,2774,0.0007127972970133318,positive,0.0005862308316864073,0.1520912547528517,0.2,0.0011012218386052472,1.0
provo,1,18330,0.000645418433515026,positive,0.05834461376070976,21.254752851711025,0.6,0.0014119385276981445,1.0
provo,1,19388,0.0004933435160398875,positive,0.0020446395501494408,0.5703422053231939,0.4,0.0012840336603535424,1.0
provo,1,74,-0.000396368110408181,negative,0.0007527018897235394,0.19011406844106463,0.2,-0.0008239963203073311,1.0
provo,1,2073,0.00033416777276768124,positive,0.03169114887714386,3.269961977186312,0.2,0.0022705483666084114,1.0
provo,1,1433,0.0003338655098574513,positive,0.004560808185487986,0.19011406844106463,0.4,0.0010122351054930002,1.0
provo,1,19462,-0.0003326422555800014,negative,0.0018245200626552105,0.9125475285171103,0.2,-0.001153061153912743,1.0
provo,1,4500,0.00031214320261705657,positive,0.001475882832892239,0.38022813688212925,0.2,0.0016054701543618856,1.0
provo,1,20679,-0.0003085079701279911,negative,0.0011623295722529292,0.1520912547528517,0.4,-0.0006771053384003758,1.0
provo,1,18020,-0.00027647823841610037,negative,0.002411578083410859,0.11406844106463879,0.4,-0.0006956014645095963,1.0
provo,1,5598,0.00023680581529071225,positive,0.0014657112769782543,0.11406844106463879,0.4,0.0005420573756397234,1.0
provo,1,4319,0.0002314756785543245,positive,0.012342442758381367,10.722433460076045,0.4,0.0006651452607965369,1.0
provo,1,9552,0.00021712224293216626,positive,0.0003532653208822012,0.1520912547528517,0.4,0.0004357100668827479,1.0
provo,1,21286,0.00021672827306480416,positive,0.003195603145286441,0.11406844106463879,0.2,0.0006592889664660026,1.0
provo,1,4401,-0.00019132133525369627,negative,0.004560601897537708,0.19011406844106463,0.4,-0.0003653100214997746,1.0
provo,1,8999,0.0001792717324580917,positive,0.004626101348549128,0.22813688212927757,0.4,0.0004102889497067558,1.0
provo,1,22700,-0.00015371563611221524,negative,0.0023469538427889347,0.11406844106463879,0.4,-0.0005572448196990007,1.0
provo,1,2618,0.00010165634468367837,positive,0.0018178671598434448,0.19011406844106463,0.2,0.0004929224158934949,1.0
provo,1,8122,7.941455416105645e-05,positive,0.012993237003684044,0.7604562737642585,0.0,0.0,0.0
provo,1,9347,4.302644654332057e-05,positive,0.003498787060379982,0.1520912547528517,0.4,0.0003776030075256603,1.0
provo,2,12024,-0.006908715818578235,negative,0.21434688568115234,3.041825095057034,1.0,-0.005330600064666881,1.0
provo,2,22835,0.005129362268649507,positive,0.0939042791724205,2.129277566539924,1.0,0.005698397050996724,1.0
provo,2,23177,-0.00406223368520191,negative,0.14859874546527863,20.53231939163498,1.0,-0.0037421184635373812,1.0
provo,2,22777,-0.0037504464775014535,negative,0.06326735764741898,4.2965779467680605,1.0,-0.0032657633830281323,1.0
provo,2,13730,-0.0037085005411445797,negative,0.01049580704420805,0.494296577946768,1.0,-0.003005529836699543,1.0
provo,2,16162,-0.0035350617192192496,negative,0.2824441194534302,2.9657794676806084,1.0,-0.0019489378300234172,1.0
provo,2,16203,0.0032559888236645424,positive,0.128529891371727,3.650190114068441,1.0,0.002250322288226279,1.0
provo,2,19009,-0.0032365657834405688,negative,0.2252213954925537,26.311787072243348,1.0,-0.0028743473630334164,1.0
provo,2,24393,-0.0030791034369450393,negative,0.09689710289239883,1.1406844106463878,1.0,-0.0025125629103345494,1.0
provo,2,18918,-0.003023131931823976,negative,0.09599347412586212,1.1787072243346008,1.0,-0.0023014595466269655,1.0
provo,2,344,-0.002982272459025708,negative,0.24335433542728424,27.680608365019012,1.0,-0.0024656938142650826,1.0
provo,2,22558,0.002800356307624996,positive,0.043482255190610886,2.2813688212927756,1.0,0.0028194148511902885,1.0
provo,2,13409,-0.002791573089642879,negative,0.059958316385746,3.4600760456273765,1.0,-0.0020223647639499957,1.0
provo,2,24391,-0.002581090989929788,negative,0.018889499828219414,0.6463878326996197,1.0,-0.0020050178976595383,1.0
provo,2,14544,-0.0025801263543781612,negative,0.3986814618110657,4.068441064638783,0.8,-0.001896048625925521,1.0
provo,2,8899,-0.002464289673702687,negative,0.011651581153273582,1.7870722433460076,0.8,-0.0018680730827488742,1.0
provo,2,4878,-0.0023825260802862215,negative,0.21608036756515503,20.722433460076044,0.8,-0.0017390192195484726,1.0
provo,2,13375,-0.0022855597277167856,negative,0.29805848002433777,2.4714828897338403,1.0,-0.001682953328616473,1.0
provo,2,5266,0.0018545952929593169,positive,0.05669420585036278,6.806083650190114,1.0,0.001257600009317012,1.0
provo,2,22704,-0.0018354028745025462,negative,0.005147205200046301,0.494296577946768,0.8,-0.0016021659348182979,1.0
provo,2,11114,-0.0017207098854275312,negative,0.263808012008667,30.418250950570343,1.0,-0.0011875162577492668,1.0
provo,2,16759,0.0017018080875901705,positive,0.00859738141298294,0.7604562737642585,0.8,0.0017074884233008166,1.0
provo,2,19246,-0.001685090141863522,negative,0.01719915121793747,2.2433460076045626,0.8,-0.0018993724914259087,1.0
provo,2,10115,0.001509042333697652,positive,0.14198164641857147,11.292775665399239,0.8,0.001221906846900376,1.0
provo,2,23959,-0.0014372246288121826,negative,0.01048732828348875,3.4600760456273765,0.8,-0.0016182531849161326,1.0
provo,2,9549,-0.0013347793064129585,negative,0.08938806504011154,1.4448669201520912,0.4,-0.002583568737792413,1.0
provo,2,6171,-0.0013132186403558457,negative,0.02174997329711914,2.3574144486692017,0.8,-0.0011286801529508163,1.0
provo,2,10665,0.0013003819181365587,positive,0.037848200649023056,5.741444866920152,0.6,0.001798634535303302,1.0
provo,2,9285,-0.0011646567536579386,negative,0.0446285605430603,2.091254752851711,0.8,-0.0017138509935769224,1.0
provo,2,16588,-0.0010734687052799312,negative,0.06393001973628998,11.44486692015209,0.8,-0.0012384232894987071,1.0
provo,2,15794,-0.0010233141733537792,negative,0.08369691669940948,0.988593155893536,0.8,-0.001021484424696488,1.0
provo,2,18288,-0.0010116993414169368,negative,0.031109672039747238,0.532319391634981,0.4,-0.0009913579904080503,1.0
provo,2,14179,-0.0009381090467814793,negative,0.12404105067253113,0.9125475285171103,0.6,-0.0006984896094565387,1.0
provo,2,9487,0.0009353170760898281,positive,0.15737302601337433,20.722433460076044,0.2,0.002602738532579225,1.0
provo,2,4651,-0.0008430746199798244,negative,0.07174662500619888,0.8745247148288974,0.6,-0.0008342502133434002,1.0
provo,2,1168,-0.0006990687511728324,negative,0.04369208961725235,8.060836501901141,0.4,-0.0008484904667214014,1.0
provo,2,10315,0.000693066661889175,positive,0.3437684178352356,29.315589353612165,0.8,0.000794285533636623,1.0
provo,2,10147,0.0006481519810886987,positive,0.00798956397920847,0.7224334600760456,0.4,0.0008243198046822669,1.0
provo,2,23604,0.0005748023849852663,positive,0.04252691566944122,8.403041825095057,0.6,0.001254455140703597,1.0
provo,2,15610,0.00044799914405641814,positive,0.038482002913951874,7.26235741444867,0.6,0.0007576483591166628,1.0
provo,2,150,0.000445618036445478,positive,0.005591123830527067,0.3422053231939164,0.2,0.00019253011433341811,1.0
provo,2,16230,-0.00044402244437869955,negative,0.022139299660921097,2.8517110266159698,0.4,-0.0013945311446071354,1.0
provo,2,8103,-0.0004129736005680514,negative,0.00047442002687603235,0.38022813688212925,0.2,-0.0012382395586026636,1.0
provo,2,18075,0.00033696416779046114,positive,0.09728949517011642,0.6844106463878328,0.2,0.00028728093031196917,1.0
provo,2,18805,0.00032006783104276374,positive,0.0094635970890522,1.977186311787072,0.4,0.0012539639631842228,1.0
provo,2,796,0.00023335492436201422,positive,0.14239798486232758,1.3307984790874523,0.4,0.0003180349331280674,1.0
provo,2,8100,-0.00022453011752396448,negative,0.06832634657621384,0.6463878326996197,0.2,-0.0006379715009636334,1.0
provo,2,22025,-0.00018435595767947154,negative,0.10450097173452377,4.030418250950571,0.2,-0.0012304937512425335,1.0
provo,2,8637,0.00017640871977799417,positive,0.13873787224292755,1.3688212927756656,0.2,2.388319922796344e-05,1.0
provo,2,14011,-0.00012975118230207906,negative,0.00041314613190479577,0.3422053231939164,0.2,-0.00048205203118545885,1.0
provo,2,2064,0.00012398265184073058,positive,0.03038083203136921,3.193916349809886,0.4,0.0026314142831002953,1.0
provo,2,7663,-0.00012252757820432932,negative,0.011289115995168686,0.6083650190114068,0.0,0.0,0.0
provo,2,13033,0.00011956813863169543,positive,0.0015868655173107982,0.38022813688212925,0.2,0.0005697113440059327,1.0
provo,2,6689,0.00010303295674548588,positive,0.0013495015446096659,0.3422053231939164,0.2,0.00041168078974593953,1.0
provo,2,18540,9.378349431205122e-05,positive,0.007268585730344057,0.38022813688212925,0.0,0.0,0.0
provo,2,1026,9.215953184417978e-05,positive,0.11932578682899475,13.802281368821292,0.0,0.0,0.0
provo,3,3990,0.010941857435747718,positive,0.18300960958003998,3.5361216730038025,1.0,0.008645556827685828,1.0
provo,3,14509,-0.007249900251010799,negative,0.2358851283788681,3.4600760456273765,1.0,-0.005750532021383371,1.0
provo,3,15739,-0.007215764465121814,negative,0.07602085918188095,9.277566539923953,1.0,-0.005837259045236324,1.0
provo,3,23888,-0.005656006176155586,negative,0.06350433081388474,2.8517110266159698,0.8,-0.005124132674922426,1.0
provo,3,18231,-0.005479531593718627,negative,0.3751700222492218,4.410646387832699,1.0,-0.001968827866585912,1.0
provo,3,24460,-0.005288695802135324,negative,0.14877846837043762,0.9505703422053232,1.0,-0.003292924152921077,1.0
provo,3,10596,0.004537740100409429,positive,0.061782512813806534,7.0342205323193925,1.0,0.003819903693302054,1.0
provo,3,2111,-0.004261833772364578,negative,0.03689684718847275,0.6844106463878328,1.0,-0.00264180493860523,1.0
provo,3,18492,-0.00424697342484099,negative,0.0033600484021008015,0.6844106463878328,0.8,-0.0029390101673763694,1.0
provo,3,3564,0.004215083293716784,positive,0.036296211183071136,2.129277566539924,0.8,0.003047846740070622,1.0
provo,3,12189,-0.004037027758350038,negative,0.13814865052700043,17.718631178707227,0.8,-0.002657358115686895,1.0
provo,3,352,0.004019730352506277,positive,0.15475870668888092,13.460076045627375,1.0,0.002024083514726312,1.0
provo,3,1148,-0.003957961160474111,negative,0.15601526200771332,0.7984790874524715,0.8,-0.0028426087719932045,1.0
provo,3,24163,-0.003868565515359674,negative,0.0033660782501101494,0.8365019011406843,0.8,-0.002207118796481196,1.0
provo,3,14290,-0.0037589023270974643,negative,0.033357713371515274,3.003802281368821,0.8,-0.0022328327128806258,1.0
provo,3,2863,0.003727224726110227,positive,0.048318129032850266,6.083650190114068,0.8,0.0021278426705871457,1.0
provo,3,6246,0.003693678914212102,positive,0.10143882781267166,13.536121673003803,0.8,0.0026834751652774404,1.0
provo,3,12266,0.0036872748245651656,positive,0.03461349382996559,1.9011406844106464,0.8,0.0019588498643307852,1.0
provo,3,14550,0.0035585427073846565,positive,0.06189095228910446,6.768060836501902,0.8,0.0019213103025170623,1.0
provo,3,5826,-0.003461140121260306,negative,0.004485899582505226,0.494296577946768,0.6,-0.0023171355803093857,1.0
provo,3,3970,0.0034060969180752057,positive,0.04058918356895447,3.9163498098859315,1.0,0.0017533299878194672,1.0
provo,3,17787,-0.0031065760579274443,negative,0.000971417292021215,0.6083650190114068,0.8,-0.0017953281779911159,1.0
provo,3,1620,0.002953992251804349,positive,0.0904044434428215,7.832699619771863,0.6,0.002250877508575597,1.0
provo,3,23422,0.0028837544279275954,positive,0.2712816894054413,14.52471482889734,0.8,0.0012360503245492187,1.0
provo,3,738,0.0027701723029247417,positive,0.013104346580803394,1.3688212927756656,0.8,0.0010847023954402286,1.0
provo,3,12608,-0.0027268457929654133,negative,0.07369470596313477,3.2319391634980987,0.6,-0.001629623476010109,1.0
provo,3,15643,0.0027075572532137566,positive,0.08062148094177246,11.67300380228137,0.8,0.0008839629986550084,1.0
provo,3,12711,0.002707118203442324,positive,0.045179955661296844,0.7984790874524715,0.6,0.0017427157081085084,1.0
provo,3,4701,-0.0026908402589454696,negative,0.2052415907382965,18.250950570342205,0.6,-0.001723895304164022,1.0
provo,3,23793,-0.0026666319521139567,negative,0.02433341182768345,0.7604562737642585,0.6,-0.001494735603050323,1.0
provo,3,10346,-0.002455449198933479,negative,0.009859608486294746,1.4068441064638784,0.6,-0.0016030020799547688,1.0
provo,3,12876,0.0024311120246995922,positive,0.0047622499987483025,0.494296577946768,0.6,0.001464949634706774,1.0
provo,3,19994,-0.0024162289547360006,negative,0.08836989849805832,0.5703422053231939,0.6,-0.0013062537643130326,1.0
provo,3,17147,0.002399783583668874,positive,0.014481529593467712,1.8631178707224332,0.6,0.0017088329896074248,1.0
provo,3,9457,-0.0023968869206589497,negative,0.08189844340085983,12.623574144486692,0.4,-0.0008731110225123673,1.0
provo,3,19961,-0.0023516685283859586,negative,0.012115562334656715,0.6844106463878328,0.8,-0.0009768867635856684,1.0
provo,3,2714,-0.002348567416437585,negative,0.09674347192049026,8.821292775665398,0.8,-0.0014671226557049178,1.0
provo,3,447,-0.00233428485595019,negative,0.21817956864833832,2.4334600760456273,0.6,-0.0013903952076467715,1.0
provo,3,19440,-0.002331907968097989,negative,0.12784487009048462,0.7224334600760456,0.8,-0.0008859023999017153,1.0
provo,3,19741,-0.002298266915577522,negative,0.0017748201498761773,0.494296577946768,0.6,-0.000714389938822934,1.0
provo,3,19742,-0.002288428676235257,negative,0.13732050359249115,2.6996197718631176,1.0,-0.0015938558761425504,1.0
provo,3,2325,0.0022841101637600136,positive,0.014886470511555672,2.8897338403041823,0.0,0.0,0.0
provo,3,14081,0.0022682901989886906,positive,0.07405105978250504,9.73384030418251,0.8,0.0018042590636629752,1.0
provo,3,9432,0.002158746057935887,positive,0.04097716510295868,5.817490494296578,0.4,0.0017664472218272748,1.0
provo,3,21688,0.0021474672804682746,positive,0.014306173659861088,2.167300380228137,0.6,0.0006696102970160563,1.0
provo,3,22474,-0.0021164215470987607,negative,0.016294950619339943,2.2053231939163496,0.6,-0.0008145856534267303,1.0
provo,3,24087,0.0021117732831071895,positive,0.0033795484341681004,0.6083650190114068,0.4,0.0012834572150011332,1.0
provo,3,5910,0.0021104523581311906,positive,0.17526960372924805,10.038022813688213,0.6,0.0007285406658910634,1.0
provo,3,4350,0.0020333074857372337,positive,0.23486341536045074,31.216730038022817,0.2,0.0015833213137970792,1.0
provo,3,20133,-0.0019800274951271403,negative,0.09594859927892685,5.817490494296578,0.0,0.0,0.0
provo,3,5724,-0.0019520878419799638,negative,0.007887604646384716,0.988593155893536,0.6,-0.0010631998102725866,1.0
provo,3,2284,-0.0019487399476974,negative,0.11728346347808838,3.3460076045627374,0.8,-0.0018429093128024961,1.0
provo,3,13939,0.0019470465018888521,positive,0.016156774014234543,1.064638783269962,0.6,0.0027191738245828227,1.0
provo,3,21221,-0.0018929513708803292,negative,0.1564493477344513,15.627376425855513,0.4,-0.0010363711591050173,1.0
provo,3,1718,-0.0017479780734742604,negative,0.385202020406723,2.8136882129277567,0.2,-4.092235176659615e-05,1.0
provo,3,20632,-0.001745582207402473,negative,0.244767963886261,2.4714828897338403,0.6,-0.0019326666798816037,1.0
provo,3,8668,-0.001732463403892605,negative,0.0019187586149200797,0.6083650190114068,0.8,-0.0011931145434535301,1.0
provo,3,22699,-0.0017268919334436637,negative,0.1895158588886261,12.395437262357415,0.4,-0.0018885106740520639,1.0
provo,3,20363,0.0016522849583828004,positive,0.009752144105732441,1.2167300380228137,0.4,0.0007958865156520373,1.0
provo,3,9769,-0.0015541333146928194,negative,0.07249085605144501,1.2547528517110267,0.6,-0.0010782581537197937,1.0
provo,3,22491,0.0015431186983956788,positive,0.010556768625974655,1.3688212927756656,0.4,0.00018150188991111098,1.0
provo,3,11907,0.001539309850036619,positive,0.00820688996464014,1.8250950570342206,0.6,0.00024626925336244,1.0
provo,3,938,0.0015263223102801146,positive,0.00824504904448986,1.8250950570342206,0.0,0.0,0.0
provo,3,23404,0.0015144236922038246,positive,0.05464586615562439,6.806083650190114,0.6,0.0007983718433754561,1.0
provo,3,11904,0.0014817072570815174,positive,0.07833918929100037,9.163498098859316,0.8,0.0014236831387677298,1.0
provo,3,18172,0.0014704931796763539,positive,0.06153509393334389,10.988593155893536,0.8,0.000835989918413105,1.0
provo,3,21063,0.0014512501027945082,positive,0.017402425408363342,2.5095057034220534,0.8,0.0003589958167979626,1.0
provo,3,13460,0.0014407049098179745,positive,0.00398393627256155,0.8365019011406843,0.4,0.001442930823600278,1.0
provo,3,9736,0.0014034248504228406,positive,0.016225984320044518,1.064638783269962,0.6,0.0003789737141924802,1.0
provo,3,5977,0.0013868071448006319,positive,0.21691444516181946,2.2813688212927756,0.2,0.001796946637458205,1.0
provo,3,16494,0.0013590713590693499,positive,0.027582701295614243,1.8631178707224332,0.4,0.0005656602690048867,1.0
provo,3,17986,0.0013526918392571018,positive,0.02477242983877659,1.0266159695817492,0.2,0.0007959044244449967,1.0
provo,3,23283,-0.001337965278969734,negative,0.017058243975043297,1.4448669201520912,0.4,-0.00018295168136072724,1.0
provo,3,14518,0.0013273450505384878,positive,0.0019832588732242584,0.494296577946768,0.2,0.001296750885581783,1.0
provo,3,3307,0.0013235673692750887,positive,0.026879992336034775,2.3954372623574147,0.2,0.0005478070520582679,1.0
provo,3,17681,-0.0013136537195574088,negative,0.013803026638925076,1.1406844106463878,0.4,-0.0004837115095772027,1.0
provo,3,16796,0.0013102587747430845,positive,0.009952225722372532,0.6083650190114068,0.2,8.208730894110083e-05,1.0
provo,3,23099,0.00130709945618499,positive,0.1478474885225296,0.7984790874524715,0.4,0.0005588045347229675,1.0
provo,3,11280,0.0012774757378616742,positive,0.012873474508523941,0.7224334600760456,0.4,0.00010455477182625848,1.0
provo,3,21654,-0.0012310088684936488,negative,0.02476709522306919,0.7984790874524715,0.6,-0.0005402190969354437,1.0
provo,3,12935,-0.0012229320507805566,negative,0.08951259404420853,8.745247148288973,0.2,-0.0005704537975869945,1.0
provo,3,11900,-0.0012148065082060976,negative,0.004148365929722786,0.8745247148288974,0.0,0.0,0.0
provo,3,16906,0.0012087538469470723,positive,0.028127767145633698,2.319391634980988,0.4,0.0008158597422732603,1.0
provo,3,7447,0.0011385193802916438,positive,0.0588291697204113,0.6083650190114068,0.4,0.0002754177322456744,1.0
provo,3,21695,0.0011173541781218871,positive,0.005079727154225111,0.6083650190114068,0.4,0.00033631462837239534,1.0
provo,3,24003,0.0011151200324318314,positive,0.009583679959177971,1.2547528517110267,0.6,0.0011055495233859081,1.0
provo,3,9997,0.0011092839287256363,positive,0.011143426410853863,0.494296577946768,0.0,0.0,0.0
provo,3,10840,0.0010927678426526479,positive,0.009297975338995457,1.0266159695817492,0.0,0.0,0.0
provo,3,15404,0.0010676856624066951,positive,0.14487579464912415,7.566539923954372,0.2,4.5502445990334865e-05,1.0
provo,3,18737,0.001054571077251688,positive,0.01047804020345211,1.4828897338403042,0.4,0.0016159950165718813,1.0
provo,3,21363,-0.0010246100436632148,negative,0.07910726964473724,4.486692015209125,0.2,-0.0002772340160369569,1.0
provo,3,21024,-0.0009814958464602027,negative,0.013585680164396763,1.4448669201520912,0.4,-0.0009127512115143616,1.0
provo,3,13280,-0.0009391654698104227,negative,0.1065085306763649,0.532319391634981,0.0,0.0,0.0
provo,3,23189,-0.0009391552048092347,negative,0.09500886499881744,4.144486692015209,0.4,-0.0006371400825181966,1.0
provo,3,16597,-0.0009368566616693033,negative,0.03924525901675224,0.9125475285171103,0.4,-0.0002901796751030842,1.0
provo,3,1279,-0.0009243280051995477,negative,0.002959304489195347,0.6083650190114068,0.4,-0.0001918506891617764,1.0
provo,3,8235,0.0009203771054812187,positive,0.008746430277824402,0.5703422053231939,0.0,0.0,0.0
provo,3,10903,-0.0008996091365175344,negative,0.005383482668548822,0.8745247148288974,0.0,0.0,0.0
provo,3,14821,0.0008860900915738227,positive,0.05850260332226753,9.695817490494296,0.2,0.0012191575153631135,1.0
provo,3,15888,-0.0008780797067263037,negative,0.020900148898363113,1.7110266159695817,0.0,0.0,0.0
provo,3,11083,0.000856881822595364,positive,0.009857028722763062,1.1787072243346008,0.0,0.0,0.0
provo,3,3737,-0.0008323467118369952,negative,0.02099732868373394,1.8631178707224332,0.4,-0.0004710757709023562,1.0
provo,3,23507,0.0008280597556505114,positive,0.00700643565505743,0.8365019011406843,0.2,0.0008496934912913981,1.0
provo,3,14155,0.0008258676318783585,positive,0.016909584403038025,1.064638783269962,0.4,0.0007865718830888475,1.0
provo,3,12749,0.00079958873206128,positive,0.14990654587745667,7.984790874524715,0.4,0.000506273098526095,1.0
provo,3,21855,0.0007897259118612031,positive,0.04143543541431427,2.2433460076045626,0.0,0.0,0.0
provo,3,2809,0.0007869098709928891,positive,0.04429212585091591,2.0532319391634983,0.2,7.69826234121425e-06,1.0
provo,3,264,-0.0007683352791957971,negative,0.021956250071525574,0.6844106463878328,0.2,-0.00033119803649901464,1.0
provo,3,5388,-0.0007565918582574471,negative,0.014102471992373466,3.6121673003802277,0.4,-0.0005500512363328423,1.0
provo,3,17345,0.0007545321029688277,positive,0.09944450855255127,1.2167300380228137,0.4,0.00032512218756475903,1.0
provo,3,18784,-0.0007438350870677714,negative,0.01923631876707077,1.1026615969581748,0.4,-0.0005579055927492332,1.0
provo,3,10941,-0.000692113370446523,negative,0.031123630702495575,3.574144486692015,0.0,0.0,0.0
provo,3,12518,-0.0006909287326722684,negative,0.02053206041455269,0.7604562737642585,0.0,0.0,0.0
provo,3,8493,-0.00067796445525491,negative,0.009023142978549004,0.6844106463878328,0.2,-6.895060528789653e-05,1.0
provo,3,11155,-0.0006735381724990208,negative,0.023631971329450607,2.2053231939163496,0.2,-0.0013682741812092447,1.0
provo,3,6099,0.0006395642057475846,positive,0.04688646271824837,7.338403041825095,0.2,0.0009782724699105398,1.0
provo,3,21434,0.0006181198777186949,positive,0.10236640274524689,0.9505703422053232,0.0,0.0,0.0
provo,3,17312,-0.0006147302046223672,negative,0.0020672010723501444,0.532319391634981,0.0,0.0,0.0
provo,3,22964,-0.0006041807821587918,negative,0.006291051395237446,0.7984790874524715,0.2,-0.001999482870064242,1.0
provo,3,6932,0.0006006274207514197,positive,0.01193513348698616,1.7110266159695817,0.2,0.00048483779110175854,1.0
provo,3,8263,-0.0005833916380091979,negative,0.0033821039833128452,0.6463878326996197,0.2,-0.000252748949901868,1.0
provo,3,839,-0.0005829675541537087,negative,0.0006928769289515913,0.6463878326996197,0.0,0.0,0.0
provo,3,12244,0.000578648612620115,positive,0.005715735722333193,1.596958174904943,0.2,0.000613308022345959,1.0
provo,3,16133,-0.0005765474198900643,negative,0.002613467164337635,0.532319391634981,0.0,0.0,0.0
provo,3,17255,-0.0005676843803039067,negative,0.028747234493494034,1.2547528517110267,0.0,0.0,0.0
provo,3,13759,-0.0005288139085101756,negative,0.004274420440196991,1.2927756653992395,0.2,-0.00035966621101029536,1.0
provo,3,24078,0.0005175610821358167,positive,0.017643088474869728,0.5703422053231939,0.2,0.0003950961352468936,1.0
provo,3,2332,-0.000502688219787925,negative,0.020071452483534813,0.494296577946768,0.2,-0.000597004217041487,1.0
provo,3,14512,-0.0004934257367702887,negative,0.002236008644104004,0.494296577946768,0.4,-0.0007525194327586004,1.0
provo,3,1418,0.0004931227613338093,positive,0.051272373646497726,9.467680608365018,0.2,8.495824019094355e-05,1.0
provo,3,2067,-0.00047450209584457714,negative,0.011292165145277977,1.2547528517110267,0.2,-0.0005246139595882434,1.0
provo,3,20199,-0.0004674213029136675,negative,0.12002208083868027,15.019011406844108,0.2,-0.0009691017496223476,1.0
provo,3,3912,0.0004580530310706173,positive,0.010077961720526218,1.2167300380228137,0.2,0.0001416277067617956,1.0
provo,3,12399,0.0004446528956558171,positive,0.03762990981340408,0.7604562737642585,0.0,0.0,0.0
provo,3,19303,0.00042925304901253957,positive,0.14141309261322021,18.09885931558935,0.2,0.0006484539531960002,1.0
provo,3,11592,-0.00042504834052893147,negative,0.006762802600860596,0.6844106463878328,0.0,0.0,0.0
provo,3,7887,-0.0004228752232457332,negative,0.09654618799686432,11.863117870722434,0.0,0.0,0.0
provo,3,1642,0.0004049310850965636,positive,0.13896256685256958,0.6844106463878328,0.4,9.186384396672017e-05,1.0
provo,3,7023,-0.00035987428053979587,negative,0.03858567029237747,0.532319391634981,0.0,0.0,0.0
provo,3,24191,-0.00034839238155518095,negative,0.10262026637792587,8.022813688212928,0.0,0.0,0.0
provo,3,11007,-0.0003425561012449703,negative,0.012860162183642387,2.5095057034220534,0.0,0.0,0.0
provo,3,9259,-0.0003308376575847536,negative,0.001642908900976181,0.494296577946768,0.2,-0.000562951791056296,1.0
provo,3,14110,0.00031084766222433933,positive,0.011924236081540585,1.3688212927756656,0.2,0.0010775150923544152,1.0
provo,3,4049,0.0003040544077294107,positive,0.024922562763094902,3.193916349809886,0.2,4.053551129373454e-05,1.0
provo,3,4932,-0.0003001138272559614,negative,0.002464947523549199,1.1787072243346008,0.2,-0.000783904908553415,1.0
provo,3,5643,-0.0002836269391587541,negative,0.041112788021564484,1.7870722433460076,0.2,-0.0003411927463615136,1.0
provo,3,2427,-0.000278957224572708,negative,0.006476662587374449,0.494296577946768,0.0,0.0,0.0
provo,3,5667,0.0002778357610107666,positive,0.1574307233095169,20.418250950570343,0.0,0.0,0.0
provo,3,9564,0.0002655053170351754,positive,0.0278497152030468,1.4448669201520912,0.4,0.0020740509830842746,1.0
provo,3,23587,0.000247117708112871,positive,0.006902213208377361,0.9125475285171103,0.0,0.0,0.0
provo,3,15426,0.00024409270505427137,positive,0.00608430290594697,0.532319391634981,0.0,0.0,0.0
provo,3,6468,0.0002378691382617521,positive,0.06099199503660202,8.517110266159696,0.0,0.0,0.0
provo,3,21566,0.00022825284080646216,positive,0.1975223869085312,17.072243346007603,0.4,0.0006542020189136365,1.0
provo,3,9470,-0.0002223896575420321,negative,0.0040688407607376575,1.596958174904943,0.2,-0.0010793893953571104,1.0
provo,3,14964,-0.00019771900272839136,negative,0.00863973330706358,0.7604562737642585,0.0,0.0,0.0
provo,3,22751,0.00019241199304217656,positive,0.008332890458405018,1.7870722433460076,0.0,0.0,0.0
provo,3,11916,0.00018593758884492443,positive,0.016256554052233696,1.4828897338403042,0.0,0.0,0.0
provo,3,5908,-0.00016669587671127594,negative,0.0029979469254612923,0.7604562737642585,0.0,0.0,0.0
provo,3,2301,-0.00016079992720544306,negative,0.06882711499929428,6.23574144486692,0.2,-0.0003270756153811142,1.0
provo,3,7119,-0.00015376748404605654,negative,0.009006880223751068,0.494296577946768,0.0,0.0,0.0
provo,3,3037,0.00014840394910602966,positive,0.061624057590961456,6.61596958174905,0.2,8.291800179148209e-05,1.0
provo,3,8840,-0.00014227247799343548,negative,0.06816624850034714,1.2927756653992395,0.0,0.0,0.0
provo,3,12853,-0.00013903714835929022,negative,0.06090378016233444,7.452471482889733,0.2,-0.00041136351385721707,1.0
provo,3,20998,-0.00012705233169728994,negative,0.021142084151506424,0.9125475285171103,0.2,-0.00023149290295925405,1.0
provo,3,11497,0.00012411422569635894,positive,0.006065971218049526,1.2927756653992395,0.0,0.0,0.0
provo,3,10367,-9.769806418788931e-05,negative,0.015511232428252697,0.7984790874524715,0.0,0.0,0.0
provo,3,15583,-8.622352606322725e-05,negative,0.017341285943984985,3.802281368821293,0.2,-0.0012871346798991041,1.0
provo,3,24148,7.265265562160736e-05,positive,0.0775134339928627,9.771863117870723,0.0,0.0,0.0
provo,3,11145,6.446059419096842e-05,positive,0.052017178386449814,1.634980988593156,0.0,0.0,0.0
provo,3,3914,-5.783007204078441e-05,negative,0.015983806923031807,0.8745247148288974,0.0,0.0,0.0
provo,3,6316,3.911989483697831e-05,positive,0.015551183372735977,0.6844106463878328,0.0,0.0,0.0
provo,3,3545,1.4511732837238071e-05,positive,0.016258979216217995,3.954372623574144,0.2,6.264731734869758e-05,1.0
provo,4,3245,-0.006531062168259675,negative,0.4365907907485962,4.904942965779468,1.0,-0.005601537049006768,1.0
provo,4,8215,-0.005368771560798148,negative,0.009913388639688492,1.0266159695817492,1.0,-0.004462228275351071,1.0
provo,4,12205,0.005146786760493576,positive,0.0655694529414177,1.9011406844106464,1.0,0.005177305408112369,1.0
provo,4,8374,-0.004227129409930193,negative,0.006455929949879646,0.9505703422053232,0.8,-0.004535064632994483,1.0
provo,4,8969,-0.004026807955460878,negative,0.09760779142379761,5.209125475285171,1.0,-0.003070667304567957,1.0
provo,4,11082,-0.003993003383599211,negative,0.05300520360469818,3.11787072243346,1.0,-0.0033843098038470972,1.0
provo,4,24455,-0.0037627123358210525,negative,0.5035896897315979,38.250950570342205,1.0,-0.002361851355885723,1.0
provo,4,7854,0.0037389330301268115,positive,0.20543774962425232,18.06083650190114,1.0,0.0025247274328133325,1.0
provo,4,16280,0.0037108938242887647,positive,0.019573764875531197,1.8631178707224332,1.0,0.0027408901185199835,1.0
provo,4,7816,-0.0035836178622973155,negative,0.015222417190670967,2.0152091254752853,1.0,-0.002690852797462407,1.0
provo,4,17782,-0.0030360224578871472,negative,0.07144255191087723,1.8250950570342206,1.0,-0.0022746912197050195,1.0
provo,4,18870,0.002995505766810028,positive,0.16472920775413513,18.517110266159694,0.8,0.002756762667728611,1.0
provo,4,3198,0.0028600890021337633,positive,0.11838532239198685,3.6882129277566538,1.0,0.002316700397611489,1.0
provo,4,5075,-0.0028577058853078785,negative,0.06449642777442932,8.783269961977187,0.8,-0.0021888713062416156,1.0
provo,4,10090,-0.002750230307626472,negative,0.02375677414238453,1.7110266159695817,1.0,-0.0016090093405415847,1.0
provo,4,800,-0.0027124031059688847,negative,0.06788481771945953,7.300380228136882,0.8,-0.002394804830359795,1.0
provo,4,17688,0.0025999577244120373,positive,0.08625391125679016,2.623574144486692,1.0,0.001390163460347898,1.0
provo,4,486,0.0025788028296975826,positive,0.023354921489953995,3.9163498098859315,1.0,0.001879748455656416,1.0
provo,4,16271,0.00254385142422277,positive,0.025482619181275368,2.8136882129277567,1.0,0.0022133608768699488,1.0
provo,4,13695,0.00248148083110427,positive,0.036111894994974136,1.4068441064638784,1.0,0.0015351220038534506,1.0
provo,4,15804,0.0024754969416004155,positive,0.02411477081477642,1.2927756653992395,0.8,0.0019025144030571657,1.0
provo,4,21033,0.002455540054547645,positive,0.010438631288707256,1.2167300380228137,0.8,0.0017827084127485025,1.0
provo,4,13798,-0.0022750047059758222,negative,0.034249674528837204,1.0266159695817492,1.0,-0.0012973738257659882,1.0
provo,4,19868,0.002247160891712821,positive,0.05543345585465431,2.547528517110266,0.8,0.0016918728660020024,1.0
provo,4,6206,-0.002210355994862209,negative,0.2002982646226883,3.76425855513308,1.0,-0.0018735244251154143,1.0
provo,4,24007,0.0022055231336577286,positive,0.042513493448495865,2.3574144486692017,0.6,0.002538961214761411,1.0
provo,4,20458,0.0020080521776469893,positive,0.021728472784161568,3.269961977186312,1.0,0.0015087958487865823,1.0
provo,4,7538,0.0019762582641329636,positive,0.012888063676655293,1.3307984790874523,0.8,0.0013001734594042884,1.0
provo,4,7402,-0.00197016239216986,negative,0.22837503254413605,2.623574144486692,1.0,-0.0012956775461766836,1.0
provo,4,9969,0.001925843659846519,positive,0.05246908217668533,3.954372623574144,1.0,0.001401388866269415,1.0
provo,4,18712,0.0019242688882279764,positive,0.03412732481956482,1.9391634980988595,0.8,0.001846740741086306,1.0
provo,4,23508,-0.0018892699577090833,negative,0.009840848855674267,1.4828897338403042,1.0,-0.0009304313794506662,0.8
provo,4,15048,-0.001886784166646071,negative,0.011601408012211323,1.8250950570342206,0.8,-0.0020746944586503835,1.0
provo,4,20260,0.0018324914387712408,positive,0.025990255177021027,3.11787072243346,0.8,0.0011862400332397923,1.0
provo,4,12511,-0.0018044619878666477,negative,0.009328512474894524,1.634980988593156,0.8,-0.0013314578997335957,1.0
provo,4,11617,0.0017960486506129506,positive,0.26162031292915344,20.570342205323193,0.6,0.0009199961044105853,1.0
provo,4,15984,0.0017831563957890317,positive,0.019274041056632996,1.7870722433460076,0.8,0.0009078607022842153,1.0
provo,4,4569,-0.0017338381183159691,negative,0.008675239980220795,1.064638783269962,0.6,-0.0009570975324941911,1.0
provo,4,7391,-0.0016871086296348457,negative,0.053884394466876984,7.14828897338403,0.6,-0.00212958313930009,1.0
provo,4,18679,-0.0016634911454620777,negative,0.1874433159828186,8.897338403041825,0.8,-0.0011719636555509744,1.0
provo,4,639,-0.001608764283106544,negative,0.13971292972564697,1.977186311787072,1.0,-0.0008741247853413833,1.0
provo,4,6625,-0.00160750476562536,negative,0.01847880892455578,1.4828897338403042,0.8,-0.0020377481106222117,1.0
provo,4,1672,0.0016061044115799603,positive,0.0018476326949894428,2.129277566539924,0.6,0.0020520973752620915,1.0
provo,4,18130,0.0015938244958711469,positive,0.009613138623535633,2.0532319391634983,1.0,0.001151189482896987,1.0
provo,4,8564,0.0015923650274349656,positive,0.010088173672556877,1.1406844106463878,0.8,0.00189604830044049,1.0
provo,4,17219,-0.0015875144711135188,negative,0.03499895706772804,1.2547528517110267,1.0,-0.0011001790872352997,1.0
provo,4,18074,-0.0015737853538165948,negative,0.13381369411945343,7.0342205323193925,0.8,-0.0008989493051091708,1.0
provo,4,15806,0.0015516076222449912,positive,0.04367445409297943,3.76425855513308,1.0,0.0006089851056201414,1.0
provo,4,5807,0.0015441687665118172,positive,0.02397981286048889,1.4068441064638784,0.8,0.0010442278574332908,1.0
provo,4,1178,0.0015015871252357308,positive,0.027396412566304207,0.988593155893536,0.6,0.0007740910926419451,1.0
provo,4,5870,0.0014170260054502497,positive,0.02352074533700943,5.133079847908745,0.8,0.0005374844640965337,1.0
provo,4,12676,0.0013916101976203328,positive,0.04831302911043167,2.2813688212927756,0.8,0.0010663617171035422,1.0
provo,4,2063,-0.001356698735151451,negative,0.3014059364795685,2.8517110266159698,0.6,-0.0008552189535807097,1.0
provo,4,12440,0.0013084201800071357,positive,0.024432381615042686,2.167300380228137,0.8,0.0010514431833512602,1.0
provo,4,8274,-0.001301261939504021,negative,0.056694146245718,4.448669201520913,0.6,-0.0009055767089402601,1.0
provo,4,9350,0.001285981085475279,positive,0.023908434435725212,1.4068441064638784,0.8,0.0009598433722743369,1.0
provo,4,24327,-0.0012724943061112393,negative,0.028231387957930565,2.2053231939163496,0.8,-0.000997708896402695,1.0
provo,4,5968,0.0012340727845540035,positive,0.09373800456523895,8.631178707224334,0.8,0.000779071862183456,1.0
provo,4,23950,0.0012205502508778445,positive,0.019850222393870354,0.988593155893536,0.6,0.0009085805622546609,1.0
provo,4,16073,0.001201295644598051,positive,0.11242415755987167,12.281368821292777,0.8,0.0007898933340493884,1.0
provo,4,12372,-0.0011990341421788831,negative,0.04573100432753563,2.167300380228137,0.8,-0.0007187497198653881,1.0
provo,4,7449,0.0011955199605469184,positive,0.025727586820721626,1.2167300380228137,0.6,0.0009976062258669437,1.0
provo,4,12840,-0.0011933524410591124,negative,0.06516880542039871,7.718631178707225,0.2,-0.002605333613439155,1.0
provo,4,1114,-0.0011827897561330662,negative,0.03261376544833183,1.7870722433460076,0.6,-0.0011900077221763067,1.0
provo,4,19858,0.001118686153787995,positive,0.016131065785884857,1.7870722433460076,0.8,0.0007242131423143022,1.0
provo,4,3049,-0.0010901733884367119,negative,0.016801605001091957,2.547528517110266,0.4,-0.0012677380844007024,1.0
provo,4,15143,0.0010716302012356259,positive,0.00793401151895523,2.2433460076045626,0.6,0.0010771840683784374,1.0
provo,4,17424,-0.0010207007919866393,negative,0.12522517144680023,8.288973384030419,0.6,-0.0010923065820979494,1.0
provo,4,3738,-0.0009849704263920084,negative,0.010238006711006165,1.0266159695817492,0.6,-0.0009143628459489612,1.0
provo,4,7672,0.0009691531402075412,positive,0.010883479379117489,1.1406844106463878,0.6,0.0009396998989017637,1.0
provo,4,8859,-0.0009181856150747963,negative,0.02839604578912258,1.0266159695817492,0.6,-0.0010215909463913452,1.0
provo,4,1964,-0.0009015179270860092,negative,0.028780542314052582,1.8631178707224332,0.4,-0.0017007558666211997,1.0
provo,4,21296,0.0008722102147678141,positive,0.014001518487930298,1.1026615969581748,0.6,0.0006351823456938352,1.0
provo,4,108,0.0008381599673317673,positive,0.022143730893731117,2.8136882129277567,0.6,0.0009651120295985239,1.0
provo,4,19495,0.0008343723228212193,positive,0.0544254444539547,6.768060836501902,0.4,0.0013936766075169863,1.0
provo,4,5906,0.0008318711628956014,positive,0.005687740631401539,1.1406844106463878,0.6,0.0008278583898850897,1.0
provo,4,12940,-0.0008262433259072358,negative,0.029714098200201988,3.9923954372623576,0.8,-0.0010921130703005794,1.0
provo,4,1700,0.0008200524776808036,positive,0.1202855110168457,5.589353612167301,0.4,0.0011459439959586063,1.0
provo,4,2926,0.0008169282457851596,positive,0.06644491106271744,3.003802281368821,0.4,0.0003410659741738624,1.0
provo,4,16235,0.0008009558622137672,positive,0.0077826641499996185,1.064638783269962,0.4,0.0008755963255058345,1.0
provo,4,6566,-0.0007933507277144864,negative,0.02617470547556877,3.7262357414448664,0.6,-0.0004845584816788228,1.0
provo,4,2805,-0.0007836238420359155,negative,0.026851506903767586,1.634980988593156,0.6,-0.00034275252582806733,1.0
provo,4,21539,0.0007822181635567202,positive,0.01653939113020897,1.1406844106463878,0.2,0.0007201771882406898,1.0
provo,4,19349,0.0007771319034111812,positive,0.021574240177869797,3.041825095057034,0.4,0.0008354422713239883,1.0
provo,4,5473,-0.0007373639516097115,negative,0.04266072437167168,2.623574144486692,0.6,-0.00099284569302453,1.0
provo,4,22743,0.0007137453156757369,positive,0.04085918888449669,1.0266159695817492,0.6,0.0002641135595781884,1.0
provo,4,21178,-0.0006946161534939975,negative,0.035586535930633545,1.2927756653992395,0.4,-0.0008371876999870628,1.0
provo,4,10939,-0.0006798873007802857,negative,0.04756786674261093,6.23574144486692,0.6,-0.00043119722063879274,1.0
provo,4,22328,-0.0006473111054715749,negative,0.061146702617406845,9.163498098859316,0.2,-0.001962529333499222,1.0
provo,4,14304,-0.0006312483724808102,negative,0.023610027506947517,1.7110266159695817,0.6,-0.00037278018981963323,1.0
provo,4,18674,0.0006236124000628117,positive,0.03454252704977989,1.9011406844106464,0.2,0.0015158314038278495,1.0
provo,4,2136,0.0005707826127517364,positive,0.027685506269335747,4.638783269961976,0.6,0.0007446655526826366,1.0
provo,4,23689,0.0005620589858801701,positive,0.011430908925831318,1.634980988593156,0.4,0.0010147359210044686,1.0
provo,4,1092,0.0005616456183527181,positive,0.046818807721138,5.133079847908745,0.4,0.0009317426987218365,1.0
provo,4,467,-0.0005393592713313834,negative,0.07639038562774658,11.02661596958175,0.4,-0.0005218616698511142,1.0
provo,4,10078,-0.0005319404813208397,negative,0.1543893963098526,13.00380228136882,0.4,-0.001695628824783386,1.0
provo,4,23000,0.0005123772212915726,positive,0.05478842183947563,5.399239543726235,0.4,0.0009757646811753005,1.0
provo,4,6009,-0.00046300691087484936,negative,0.006935065146535635,1.2927756653992395,0.2,-0.001026129086195683,1.0
provo,4,13018,0.0004594580768055012,positive,0.013964977115392685,1.520912547528517,0.0,0.0,0.0
provo,4,18108,0.0004551807300511545,positive,0.03349930793046951,4.562737642585551,0.4,0.0006784631965745082,1.0
provo,4,18525,-0.0004406488246777876,negative,0.0280079897493124,1.1026615969581748,0.4,-0.0005791834523721912,1.0
provo,4,1960,-0.00042324188214078255,negative,0.10716484487056732,16.273764258555133,0.2,-0.0026036443468773866,1.0
provo,4,22719,0.00042236587848250735,positive,0.1201472207903862,16.99619771863118,0.6,0.0005195234935971826,1.0
provo,4,13582,0.00040207528167941303,positive,0.13089996576309204,3.5361216730038025,0.2,0.001758984630439399,1.0
provo,4,13678,0.0003971842386938577,positive,0.008232954889535904,1.1787072243346008,0.4,0.0006328460220470962,1.0
provo,4,19266,0.000368278189992537,positive,0.0833800658583641,3.307984790874525,0.6,0.0006436546135414989,1.0
provo,4,123,-0.00034753056561950623,negative,0.0767839178442955,1.7490494296577948,0.6,-0.0006740287112520616,1.0
provo,4,18304,0.00033553617713461193,positive,0.039159588515758514,5.133079847908745,0.4,0.001306669875544111,1.0
provo,4,14196,-0.0003292264998073839,negative,0.004967006854712963,1.1787072243346008,0.2,-0.00016989182928033828,1.0
provo,4,11438,0.0003260643106006403,positive,0.10650116950273514,8.745247148288973,0.4,0.0007934128309936585,1.0
provo,4,15923,0.0003072311616304298,positive,0.20512904226779938,23.802281368821294,0.4,0.0003427138507330331,1.0
provo,4,15613,-0.00029943873859318923,negative,0.08779729902744293,8.935361216730039,0.4,-0.0012654891348370552,1.0
provo,4,4912,-0.0002604664467603646,negative,0.06343258172273636,8.70722433460076,0.2,-4.733641397430615e-05,1.0
provo,4,1565,0.0002329953805925111,positive,0.227800190448761,13.840304182509506,0.4,0.0010468268201536406,1.0
provo,4,12684,-0.00017943254964783052,negative,0.07793286442756653,4.030418250950571,0.2,-0.0011048635336043566,1.0
provo,4,20829,-0.00017937334095515393,negative,0.25350823998451233,3.269961977186312,0.4,-0.0012293212146493085,1.0
provo,4,16372,0.00017792159171183032,positive,0.025552090257406235,1.2167300380228137,0.2,4.187564235429991e-05,1.0
provo,4,1729,-0.00017039342525739144,negative,0.06731492280960083,3.2319391634980987,0.6,-0.0012387338039277695,1.0
provo,4,17246,-0.0001677525769336642,negative,0.027507325634360313,1.7490494296577948,0.4,-0.0005072105787595036,1.0
provo,4,17216,0.00016032507868733113,positive,0.08693691343069077,6.34980988593156,0.4,0.00034037075868675285,1.0
provo,4,3493,-0.00015794138916012297,negative,0.037410441786050797,2.8136882129277567,0.4,-0.0003814727976751008,1.0
provo,4,10156,-0.0001541401824431983,negative,0.0923655554652214,9.201520912547528,0.4,-0.000436052692156614,1.0
provo,4,7080,-0.00011355302559325103,negative,0.011765203438699245,1.1787072243346008,0.2,-0.0009708409403346216,1.0
provo,4,22962,-9.636754005622144e-05,negative,0.023332960903644562,3.9923954372623576,0.6,-0.0008340906148904863,1.0
provo,4,23674,9.277991047373322e-05,positive,0.05535712465643883,6.387832699619772,0.4,0.000595770290524609,1.0
provo,4,22905,7.238868354895637e-05,positive,0.016254642978310585,1.2547528517110267,0.2,0.000513819372307145,1.0
provo,4,22017,-6.263593669006221e-05,negative,0.004442582838237286,3.003802281368821,0.4,-0.00024165941376201773,1.0
provo,4,15140,5.889158762180113e-05,positive,0.010355265811085701,1.3307984790874523,0.0,0.0,0.0
provo,4,11876,-4.0711826506221573e-05,negative,0.2053927481174469,10.532319391634982,0.2,-0.00013479977199625163,1.0
provo,4,8713,1.0466257402000306e-05,positive,0.013597355224192142,1.7110266159695817,0.2,0.00024057177583890167,1.0
provo,4,7194,7.3136524099511795e-06,positive,0.018932364881038666,1.064638783269962,0.0,0.0,0.0
provo,5,10848,0.007100643859669076,positive,0.026518775150179863,1.2547528517110267,1.0,0.006619311677194127,1.0
provo,5,10746,0.0038008779456114783,positive,0.03341491147875786,4.828897338403042,1.0,0.0029995860147853624,1.0
provo,5,14158,0.0035666201999056597,positive,0.030146731063723564,2.737642585551331,0.8,0.0033649033293860734,1.0
provo,5,3491,-0.0032961400369218644,negative,0.09192771464586258,3.2319391634980987,1.0,-0.002683523923608445,1.0
provo,5,1079,-0.0029302527439667137,negative,0.12657999992370605,13.954372623574143,1.0,-0.0017525422249184016,1.0
provo,5,14214,0.0027427326719960095,positive,0.08487927913665771,3.003802281368821,1.0,0.0018610675702878522,1.0
provo,5,783,0.0026296326745728848,positive,0.055080920457839966,11.02661596958175,1.0,0.0021112024254440185,1.0
provo,5,15273,-0.002576223750079652,negative,0.06907054781913757,3.079847908745247,1.0,-0.0018321426803920079,1.0
provo,5,16229,0.002557269442205213,positive,0.023452648892998695,2.737642585551331,0.8,0.001943369212151534,1.0
provo,5,3505,-0.0023099117478386504,negative,0.11390118300914764,2.6996197718631176,0.8,-0.0016805556678735297,1.0
provo,5,4547,0.0022348343524639697,positive,0.039162199944257736,5.361216730038023,0.8,0.0015365990418774315,1.0
provo,5,2962,-0.002229594870986328,negative,0.12131593376398087,5.551330798479087,1.0,-0.0012476012181465229,1.0
provo,5,6289,0.0022043374998945674,positive,0.05246083065867424,4.220532319391635,1.0,0.0011210436567577514,1.0
provo,5,8483,-0.0021923893279514302,negative,0.20623834431171417,3.802281368821293,1.0,-0.001932931646495418,1.0
provo,5,6374,-0.0021423427565299903,negative,0.02141774632036686,1.4448669201520912,0.8,-0.0018529128119796762,1.0
provo,5,3419,-0.0019216956782408146,negative,0.03129756450653076,1.634980988593156,0.8,-0.0019591618464806057,1.0
provo,5,10871,-0.0017841285666804398,negative,0.17031177878379822,8.136882129277566,0.6,-0.0016139016291793781,1.0
provo,5,15524,0.001712519010349979,positive,0.022245077416300774,1.6730038022813687,0.6,0.0015908354392935493,1.0
provo,5,8620,0.0016859057257010471,positive,0.09490605443716049,3.079847908745247,0.4,0.002776972303108072,1.0
provo,5,16634,-0.0015845613935988221,negative,0.04681110754609108,3.9163498098859315,0.4,-0.002666673628881972,1.0
provo,5,19652,0.0015767895293613376,positive,0.0719430074095726,3.193916349809886,0.8,0.001233505387302809,1.0
provo,5,22969,-0.0014628606538971045,negative,0.06849975883960724,1.7110266159695817,0.6,-0.001397605037877896,1.0
provo,5,13863,0.0014428764246493225,positive,0.015337749384343624,1.3688212927756656,0.6,0.001347055269523199,1.0
provo,5,18839,-0.001404763200058853,negative,0.05037293955683708,6.007604562737642,0.8,-0.0009099884455219382,1.0
provo,5,19658,0.001395488017054662,positive,0.03484204784035683,1.3307984790874523,0.6,0.001406854127422191,1.0
provo,5,13800,0.0013683140586134227,positive,0.02971746399998665,2.091254752851711,0.6,0.0009527441073512144,1.0
provo,5,16419,-0.0012752960449834692,negative,0.016216019168496132,1.2167300380228137,0.8,-0.0006756922504004819,1.0
provo,5,2186,-0.0012615973744150135,negative,0.02679886668920517,3.041825095057034,0.6,-0.0018559294019744892,1.0
provo,5,22637,-0.0012610992350442554,negative,0.02434253692626953,1.4068441064638784,0.6,-0.0015751097390572283,1.0
provo,5,4888,-0.001238629479850738,negative,0.08329249918460846,5.779467680608365,0.4,-0.0016822437320583889,1.0
provo,5,13814,-0.0011387419884223023,negative,0.06115541607141495,6.0456273764258555,0.6,-0.000984057538163741,1.0
provo,5,5939,0.0010480357539491593,positive,0.06054346263408661,2.319391634980988,0.6,0.000910790874632988,1.0
provo,5,12306,-0.0009788736265972317,negative,0.030524900183081627,1.2167300380228137,0.6,-0.0012640554745633255,1.0
provo,5,13626,0.0009773958488075243,positive,0.025913279503583908,2.4714828897338403,0.6,0.0008487053758211038,1.0
provo,5,16030,0.0009708768579049043,positive,0.01249393168836832,1.520912547528517,0.6,0.001018830366553498,1.0
provo,5,9271,0.0009383599092217394,positive,0.04085356742143631,2.0532319391634983,0.6,0.0007880882170347033,1.0
provo,5,24267,-0.0009163646572697593,negative,0.12103111296892166,19.04942965779468,0.6,-0.0004645678736808017,1.0
provo,5,23102,0.0009085424051156216,positive,0.024431271478533745,1.8250950570342206,0.2,0.0009887655146433882,1.0
provo,5,18062,-0.0008118349149879314,negative,0.01711314544081688,2.0532319391634983,0.6,-0.0012917442007081513,1.0
provo,5,21761,-0.0007744194243639296,negative,0.18267226219177246,2.6996197718631176,0.2,-0.00020891051254146628,1.0
provo,5,9527,0.000756067511353833,positive,0.018032735213637352,3.4600760456273765,0.6,0.0007212268203218639,1.0
provo,5,22169,0.0007484347464018495,positive,0.052138376981019974,3.3460076045627374,0.6,0.000851753171028861,1.0
provo,5,19121,0.0007321660818695098,positive,0.0272886473685503,1.4828897338403042,0.4,0.0006841858025956087,1.0
provo,5,12541,-0.0007280512703877869,negative,0.051412083208560944,3.9163498098859315,0.6,-0.0009671058282846061,1.0
provo,5,20505,0.0007001388076880578,positive,0.011173519305884838,1.2547528517110267,0.4,0.0011170467431284622,1.0
provo,5,2701,-0.0006449598954475958,negative,0.031229287385940552,5.209125475285171,0.4,-0.0007071617795521175,1.0
provo,5,6826,0.000643421067478353,positive,0.01475149393081665,1.9011406844106464,0.6,0.0008883708306396063,1.0
provo,5,19147,0.0006357672309540704,positive,0.09740657359361649,8.859315589353614,0.4,0.0017461491737922087,1.0
provo,5,7360,-0.0006339239934654607,negative,0.025876039639115334,3.9163498098859315,0.4,-0.0014302758875804485,1.0
provo,5,15614,0.0006195222547910687,positive,0.025613704696297646,1.7490494296577948,0.6,0.0009600972122986061,1.0
provo,5,2271,0.0005794921932037307,positive,0.014703000895678997,3.307984790874525,0.4,0.0012251006511618892,1.0
provo,5,12901,-0.0005567468465867613,negative,0.01903625577688217,1.7110266159695817,0.4,-0.0010658495007720822,1.0
provo,5,6693,-0.0005562852296729292,negative,0.014637312851846218,2.0532319391634983,0.4,-0.00022084029466451762,1.0
provo,5,10761,-0.0005437813267619579,negative,0.11467427015304565,3.2319391634980987,0.6,-0.001478208746606477,1.0
provo,5,3917,0.0005408459538068107,positive,0.028618505224585533,1.7870722433460076,0.6,0.0009591326664277057,1.0
provo,5,16105,-0.0005046073805684524,negative,0.020399726927280426,3.269961977186312,0.4,-0.0009476308019413178,1.0
provo,5,21653,-0.00047306814869572906,negative,0.1682562232017517,13.460076045627375,0.4,-0.0011063163051075894,1.0
provo,5,9606,0.0004675755920686311,positive,0.016499700024724007,1.4828897338403042,0.4,0.0005212997001116384,1.0
provo,5,19660,0.00043084919462615446,positive,0.04924503713846207,6.996197718631179,0.4,0.0007998084804619124,1.0
provo,5,20026,-0.00041005255143034865,negative,0.06432712078094482,5.665399239543726,0.2,-0.0008300050701344758,1.0
provo,5,18501,-0.0004014374157262777,negative,0.15202918648719788,17.26235741444867,0.4,-0.0018442804135659437,1.0
provo,5,15229,0.0003928571769314176,positive,0.0554199293255806,9.809885931558936,0.4,0.0009282110353156715,1.0
provo,5,14487,0.00026618407542190693,positive,0.13314779102802277,15.019011406844108,0.4,0.0003558463439409743,1.0
provo,5,8003,-0.00026516174197631733,negative,0.09203048795461655,6.692015209125475,0.0,0.0,0.0
provo,5,24304,-0.00024934407319496607,negative,0.03170172497630119,3.878326996197719,0.2,-0.00020218478375933128,1.0
provo,5,19158,0.00019654566649796384,positive,0.021568188443779945,1.2927756653992395,0.4,0.00043813533619752206,1.0
provo,5,21619,-0.00019049903285162266,negative,0.004002214875072241,1.520912547528517,0.4,-0.0011293649381209168,1.0
provo,5,7079,-0.00014425336976075812,negative,0.03495185077190399,1.7490494296577948,0.6,-0.0007255567393077661,1.0
provo,5,1716,0.00012024739239904313,positive,0.030737223103642464,2.129277566539924,0.0,0.0,0.0
provo,5,19889,9.651192641014453e-05,positive,0.09430965781211853,5.247148288973384,0.2,0.0008209005532598885,1.0
provo,5,6171,8.778945877333883e-05,positive,0.08467191457748413,8.859315589353614,0.4,0.000928518231900651,1.0
provo,5,2418,-7.34587519999661e-05,negative,0.07646609842777252,1.7870722433460076,0.0,0.0,0.0
provo,5,15146,5.7610710753584005e-05,positive,0.01136827189475298,1.596958174904943,0.2,0.0012307826032648022,1.0
provo,5,17687,2.7551313742641616e-05,positive,0.0074690962210297585,1.6730038022813687,0.4,0.00033891837389798333,1.0
provo,5,4501,-4.7509430787320045e-06,negative,0.024829551577568054,3.954372623574144,0.0,0.0,0.0
provo,5,20731,2.307842722596398e-06,positive,0.03290019556879997,3.193916349809886,0.2,0.0015922858269673975,1.0
provo,5,10208,-1.4697260944416073e-06,negative,0.03172535076737404,1.4448669201520912,0.2,-0.0010498983110614785,1.0
provo,6,17124,0.008217810400159642,positive,0.04508945345878601,1.7870722433460076,1.0,0.007447507431148767,1.0
provo,6,2767,-0.003979481884348493,negative,0.03853901848196983,2.2053231939163496,0.8,-0.004213429606386235,1.0
provo,6,23526,0.0038561373282169575,positive,0.054390013217926025,2.2813688212927756,1.0,0.0029757485172852943,1.0
provo,6,11428,0.003346987288204654,positive,0.0501602478325367,6.539923954372624,0.8,0.002971244893323969,1.0
provo,6,9105,-0.0032832782595413755,negative,0.01944904774427414,2.6615969581749046,0.8,-0.0031317846625575517,1.0
provo,6,7608,-0.003122436875673246,negative,0.10208102315664291,6.34980988593156,1.0,-0.0023610163062545543,1.0
provo,6,13984,-0.0031167024252066614,negative,0.01827530562877655,3.079847908745247,1.0,-0.0023285018459358706,1.0
provo,6,9633,0.002475933814419445,positive,0.01798774115741253,2.623574144486692,1.0,0.0014289359453773054,1.0
provo,6,10721,0.002472153030137172,positive,0.01886417530477047,3.4600760456273765,1.0,0.0017765884596955314,1.0
provo,6,5615,0.0024578658851084614,positive,0.01574733853340149,2.0152091254752853,1.0,0.001977641554108458,1.0
provo,6,22924,-0.002417500850313289,negative,0.16695737838745117,8.365019011406844,1.0,-0.001241268158952097,1.0
provo,6,8023,0.002407589977209591,positive,0.015549534000456333,2.2813688212927756,0.8,0.0020106614859240644,1.0
provo,6,8714,-0.0023858596286458955,negative,0.04086830094456673,5.893536121673003,0.8,-0.0015122305040254885,1.0
provo,6,16554,0.0023751603780596516,positive,0.04563518613576889,5.817490494296578,1.0,0.0017869372776835202,1.0
provo,6,18935,-0.0022563352342386757,negative,0.10221517831087112,4.182509505703422,0.8,-0.0015910983999737303,1.0
provo,6,24241,0.002133896127859779,positive,0.02060229890048504,2.319391634980988,0.8,0.0014510681615095273,1.0
provo,6,10007,-0.0021303790248512586,negative,0.029546672478318214,4.904942965779468,0.8,-0.0016351680805735723,1.0
provo,6,667,0.0018606108706237985,positive,0.014977245591580868,2.2813688212927756,0.8,0.0013326024561699688,1.0
provo,6,8657,-0.001832865206879261,negative,0.08906418085098267,2.4714828897338403,0.6,-0.002261543100144593,1.0
provo,6,525,-0.0016475755689507863,negative,0.03559381142258644,2.2433460076045626,0.8,-0.0015457350354981165,1.0
provo,6,10584,0.00156484338912451,positive,0.04391204193234444,1.8250950570342206,0.8,0.0009365370043101077,1.0
provo,6,2506,0.0015272902938800739,positive,0.025289267301559448,1.8250950570342206,0.6,0.0013916470027589367,1.0
provo,6,7876,-0.0014909880294462503,negative,0.01953318528831005,2.6615969581749046,0.8,-0.0010816378975625116,1.0
provo,6,7537,-0.0012955712709473073,negative,0.0926680937409401,2.3574144486692017,0.8,-0.0007804372942488382,1.0
provo,6,6736,-0.001245901571162378,negative,0.029661379754543304,4.828897338403042,0.8,-0.0005747675804138022,1.0
provo,6,22074,-0.001157850807864201,negative,0.019087564200162888,3.079847908745247,0.8,-0.00048634475943638817,1.0
provo,6,8148,-0.001131532415397112,negative,0.06556818634271622,2.585551330798479,0.6,-0.0007041446866885505,1.0
provo,6,21398,0.0011314487765979578,positive,0.039555873721838,2.319391634980988,0.6,0.0008046262864948337,1.0
provo,6,19921,-0.0011045757804357959,negative,0.02122771553695202,2.6996197718631176,0.4,-0.002268804386780073,1.0
provo,6,10155,0.0010467552474811147,positive,0.08404289186000824,8.669201520912548,0.4,0.0011824320683829644,1.0
provo,6,7352,0.0010403521924331647,positive,0.02339806966483593,1.9011406844106464,0.6,0.0009995830845030654,1.0
provo,6,13206,-0.0010333005840096306,negative,0.03849305957555771,2.3954372623574147,0.6,-0.000734381812476151,1.0
provo,6,3455,-0.0010145712075343189,negative,0.1022566556930542,11.596958174904943,0.4,-0.0014128247784452748,1.0
provo,6,3992,0.0009379380345015775,positive,0.03835495188832283,2.319391634980988,0.6,0.0005878373038850163,1.0
provo,6,23487,0.0008519426411251428,positive,0.02810591273009777,1.7870722433460076,0.8,0.0005202088959332809,1.0
provo,6,9506,-0.0005831985813287232,negative,0.1542130559682846,24.600760456273765,0.4,-0.0006960943544161082,1.0
provo,6,16564,0.0005811130391703423,positive,0.01333269290626049,2.8517110266159698,0.2,0.0018467381718792726,1.0
provo,6,16180,-0.0005722786514034425,negative,0.02403922937810421,2.6615969581749046,0.2,-0.0006454015865058427,1.0
provo,6,12891,-0.0005259793055063231,negative,0.03129768744111061,3.9923954372623576,0.6,-0.0004793243204424728,1.0
provo,6,24347,0.000511147619184844,positive,0.08185530453920364,12.47148288973384,0.6,0.0010129217817519264,1.0
provo,6,6792,0.0004825279946199949,positive,0.13883519172668457,7.680608365019011,0.6,0.0005249137686864101,1.0
provo,6,14951,-0.0004760358756995163,negative,0.043800100684165955,3.954372623574144,0.4,-0.0005416548719660304,1.0
provo,6,20825,0.0004644916879160231,positive,0.030746929347515106,3.878326996197719,0.6,0.00042867955232998243,1.0
provo,6,19196,0.000464184846572289,positive,0.015104809775948524,1.7870722433460076,0.6,0.00040221600088008225,1.0
provo,6,15754,0.00046122650394652494,positive,0.013459943234920502,2.2433460076045626,0.2,0.0010468800742516541,1.0
provo,6,3935,0.00045489323867885375,positive,0.0237222108989954,3.4600760456273765,0.4,0.0007683306155898677,1.0
provo,6,18247,-0.0004426065808376269,negative,0.0202090535312891,2.167300380228137,0.2,-0.00027953516867501387,1.0
provo,6,7388,-0.00041808267091422577,negative,0.02927260659635067,1.8631178707224332,0.4,-0.0011762171115928116,1.0
provo,6,7977,-0.000417069850100684,negative,0.014278893359005451,2.091254752851711,0.4,-0.0003229978802876308,1.0
provo,6,13045,-0.00041640699259649,negative,0.03984102979302406,4.904942965779468,0.4,-0.0005450960001062491,1.0
provo,6,8261,-0.00037122870802835635,negative,0.024185601621866226,1.977186311787072,0.4,-0.0012105147855530852,1.0
provo,6,13221,0.0003406108427736482,positive,0.0194392129778862,3.079847908745247,0.6,0.0006548474072565674,1.0
provo,6,9115,-0.0003016926210770591,negative,0.04732127487659454,3.650190114068441,0.4,-0.0005965315950669971,1.0
provo,6,10794,-0.00029077761679166514,negative,0.027782149612903595,4.524714828897338,0.2,-0.0003365842310583888,1.0
provo,6,7556,-0.0002625056647683288,negative,0.021266302093863487,3.155893536121673,0.4,-0.0005530219422546478,1.0
provo,6,15813,0.0002562459945256358,positive,0.05693582072854042,6.4638783269961975,0.2,0.0005744569120721389,1.0
provo,6,20585,0.00017793980653100908,positive,0.035413239151239395,4.030418250950571,0.2,0.0008295278518850712,1.0
provo,6,4672,-0.00016873312908177176,negative,0.0916767567396164,9.61977186311787,0.4,-0.0009959711733922671,1.0
provo,6,18623,-0.00013259852874820447,negative,0.05482641980051994,2.2813688212927756,0.6,-0.0003564456147162134,1.0
provo,6,12055,-9.824560534092595e-05,negative,0.06305775046348572,10.418250950570341,0.2,-0.001495210334742091,1.0
provo,6,16064,-5.674784978165517e-05,negative,0.18281389772891998,16.99619771863118,0.4,-0.0002306163772144507,1.0
provo,6,18032,-9.852004330475856e-06,negative,0.01420638244599104,2.8517110266159698,0.2,-0.0010576154409836442,1.0
provo,6,18451,-2.521198695118606e-06,negative,0.04418157413601875,3.193916349809886,0.2,-0.0008791220641726647,1.0
provo,7,17270,0.004292515105161409,positive,0.058085642755031586,2.319391634980988,1.0,0.003503457058592026,1.0
provo,7,7072,-0.004240206368296137,negative,0.14348062872886658,4.67680608365019,1.0,-0.0033669737832914596,1.0
provo,7,14893,0.004219418307499958,positive,0.01746990717947483,2.585551330798479,0.8,0.0038220822698185946,1.0
provo,7,4637,-0.004035537669899456,negative,0.040749192237854004,2.7756653992395437,1.0,-0.003048873546047186,1.0
provo,7,3288,0.0032789934703946104,positive,0.025444630533456802,2.129277566539924,1.0,0.0021012007067210273,1.0
provo,7,19492,-0.0026435597785581045,negative,0.03912430256605148,4.106463878326997,0.6,-0.0021700335393906194,1.0
provo,7,1797,0.0023619870901581963,positive,0.05222214385867119,1.9391634980988595,1.0,0.0012984956665390431,1.0
provo,7,9281,0.002288292322077547,positive,0.03536144644021988,4.106463878326997,0.8,0.0014941387621503067,1.0
provo,7,14560,-0.002262391236799091,negative,0.03258766606450081,3.003802281368821,0.8,-0.001554210352434865,1.0
provo,7,10282,-0.0020140403145792424,negative,0.05925830081105232,3.7262357414448664,0.6,-0.0017266118927146497,1.0
provo,7,19151,-0.0019735895814883783,negative,0.09132874011993408,2.2433460076045626,0.8,-0.0015275267104439398,1.0
provo,7,22301,-0.0019459253206646494,negative,0.01615017093718052,2.167300380228137,0.8,-0.001306179148797998,1.0
provo,7,13704,-0.0018785095724138789,negative,0.016322346404194832,2.319391634980988,0.6,-0.0020730172978522927,1.0
provo,7,2039,-0.0018108506563144354,negative,0.0034253522753715515,3.003802281368821,1.0,-0.0008187300313906416,1.0
provo,7,19843,0.001771251173991196,positive,0.15018615126609802,12.319391634980988,0.8,0.0011114729216028614,1.0
provo,7,11347,-0.0017540043100830853,negative,0.13752302527427673,7.718631178707225,0.6,-0.0014136354287527678,1.0
provo,7,8693,-0.0017176509109584732,negative,0.09551346302032471,2.2813688212927756,0.8,-0.0016995907956519785,1.0
provo,7,20372,0.001701835088229146,positive,0.04444281384348869,4.486692015209125,1.0,0.0008634392725626501,1.0
provo,7,16196,-0.0016371724163722376,negative,0.004239317495375872,2.8136882129277567,0.8,-0.0017385166152579057,1.0
provo,7,8487,-0.00141391320016577,negative,0.12697763741016388,3.878326996197719,0.8,-0.0008791243178191965,1.0
provo,7,3972,-0.0014063620555589086,negative,0.01459638960659504,2.2053231939163496,0.6,-0.00087360467887466,1.0
provo,7,17227,0.0013646838567546455,positive,0.02626718208193779,3.650190114068441,0.6,0.0015289508594706735,1.0
provo,7,16873,-0.0013252541592938222,negative,0.09976593405008316,4.67680608365019,0.4,-0.0018434232095859426,1.0
provo,7,17790,-0.001305069320496944,negative,0.08350326120853424,3.041825095057034,0.6,-0.0014808701234951382,1.0
provo,7,13366,0.0012581027926537255,positive,0.012371378019452095,1.9391634980988595,0.8,0.000640168864669918,1.0
provo,7,12089,0.0012378680728381494,positive,0.38801783323287964,16.806083650190114,0.6,0.0010953310428598562,1.0
provo,7,13176,0.0012073818659239035,positive,0.024108193814754486,4.030418250950571,0.4,0.0009619384656746487,1.0
provo,7,2647,-0.001181365204109201,negative,0.027235122397542,2.585551330798479,0.6,-0.0012916874163148282,1.0
provo,7,21943,-0.001176419696504643,negative,0.014896949753165245,2.6996197718631176,0.4,-0.002010696464129833,1.0
provo,7,14168,-0.0011690018174617465,negative,0.031866736710071564,3.954372623574144,0.4,-0.0015514036386821473,1.0
provo,7,15399,0.0011512333114699486,positive,0.01851668581366539,1.9011406844106464,0.6,0.0011993496656135408,1.0
provo,7,12957,0.0008799927530943121,positive,0.03548075258731842,5.323193916349809,0.4,0.00017519256080456746,1.0
provo,7,11413,-0.0008542912400997932,negative,0.14979436993598938,10.912547528517111,0.4,-0.00024313589968138956,1.0
provo,7,1442,0.0008513037456614841,positive,0.015531069599092007,2.0532319391634983,0.4,0.0006408763570408527,1.0
provo,7,3585,-0.0008176883075775329,negative,0.01891680434346199,3.954372623574144,0.4,-0.00035616173242225253,1.0
provo,7,24559,0.0008042191105168629,positive,0.02647780440747738,1.977186311787072,0.2,9.280402672916048e-05,1.0
provo,7,14709,0.0007959745630384042,positive,0.02782054990530014,3.11787072243346,0.4,0.0003524747953969826,1.0
provo,7,8064,-0.0007340436139442848,negative,0.187260702252388,18.8212927756654,0.4,-0.000689055300445823,1.0
provo,7,16658,-0.0007239114230880552,negative,0.0401887409389019,3.269961977186312,0.4,-0.001245870779521358,1.0
provo,7,6268,0.0007139748841952151,positive,0.13681453466415405,6.806083650190114,0.4,0.00045070674624926913,1.0
provo,7,406,-0.0006692498796619533,negative,0.04862593486905098,4.220532319391635,0.2,-0.0010643023515542304,1.0
provo,7,14681,0.0006617685536759593,positive,0.0456603579223156,1.9011406844106464,0.4,0.0006671019109624461,1.0
provo,7,4163,0.0005990156365592618,positive,0.022523267194628716,1.9391634980988595,0.4,0.0008475632064346021,1.0
provo,7,10512,-0.0005953628510883228,negative,0.15160831809043884,15.247148288973383,0.4,-0.0013557511959138636,1.0
provo,7,22281,0.0005894709764461594,positive,0.0298264529556036,2.9277566539923954,0.2,5.855500247277955e-05,1.0
provo,7,10585,-0.0005581283398520992,negative,0.031090304255485535,4.144486692015209,0.2,-0.0010600109651857093,1.0
provo,7,3382,0.0005478505612029256,positive,0.007291403599083424,1.977186311787072,0.4,0.000533853358265169,1.0
provo,7,21223,-0.0005126936684604663,negative,0.042795103043317795,2.623574144486692,0.4,-0.000541161234217092,1.0
provo,7,13031,0.0005116803451281664,positive,0.038015373051166534,1.9011406844106464,0.6,0.00038484355160715205,1.0
provo,7,24030,0.0004946691222408473,positive,0.032971784472465515,4.106463878326997,0.4,0.0010784117919235051,1.0
provo,7,764,0.0004942914939406926,positive,0.059009913355112076,7.946768060836503,0.4,0.0009970797054678635,1.0
provo,7,13349,0.00046107267273586737,positive,0.016599180176854134,2.3574144486692017,0.2,0.0006386494873672053,1.0
provo,7,18896,0.00042402540081878357,positive,0.02275325544178486,1.977186311787072,0.2,0.0006736415021425557,1.0
provo,7,19235,0.000257932560345847,positive,0.011456144973635674,2.319391634980988,0.4,0.00027027235313258286,1.0
provo,7,3189,-0.00024209735244266615,negative,0.01912686973810196,2.0152091254752853,0.2,-0.0008160971189227699,1.0
provo,7,17728,0.00020765825785104905,positive,0.06805786490440369,9.35361216730038,0.0,0.0,0.0
provo,7,14632,0.00016482979843563048,positive,0.03811447694897652,5.057034220532319,0.4,0.0003684489806034163,1.0
provo,7,10230,0.00011081236142579959,positive,0.009539781138300896,1.9391634980988595,0.2,2.869970186207614e-05,1.0
provo,7,23227,-4.105488974475303e-05,negative,0.02923569269478321,3.11787072243346,0.0,0.0,0.0
provo,7,17649,3.087034657062009e-05,positive,0.09194551408290863,5.931558935361217,0.0,0.0,0.0
provo,8,9949,0.00532210376645814,positive,0.033320192247629166,4.182509505703422,1.0,0.004210868624994951,1.0
provo,8,18504,-0.0037629129802313134,negative,0.07152848690748215,2.3954372623574147,1.0,-0.0028414118368666175,1.0
provo,8,18005,-0.00331011112026135,negative,0.09540703147649765,2.3574144486692017,1.0,-0.0021431704972693535,1.0
provo,8,7592,0.0031591024171691586,positive,0.023074142634868622,2.6615969581749046,0.8,0.0024550612034819324,1.0
provo,8,10588,-0.0030479137181154137,negative,0.052633482962846756,5.6273764258555135,1.0,-0.0018169958631357656,1.0
provo,8,20559,-0.0030408922673979795,negative,0.05773413926362991,5.399239543726235,1.0,-0.0021229161051880244,1.0
provo,8,231,0.0027923627358397243,positive,0.02769213169813156,4.030418250950571,1.0,0.0016721943259032257,1.0
provo,8,12452,-0.0026589858252287963,negative,0.028711210936307907,2.3954372623574147,0.8,-0.0019701106374398515,1.0
provo,8,16367,-0.0024850485228405913,negative,0.039805762469768524,3.878326996197719,0.8,-0.0018883218649402183,1.0
provo,8,14719,0.002423078352490617,positive,0.08873412013053894,2.0532319391634983,0.6,0.001998665896313787,1.0
provo,8,21448,0.0023146305871796853,positive,0.05066162720322609,7.3764258555133075,0.8,0.0016333575952528197,1.0
provo,8,1636,-0.0019637192930834347,negative,0.022444311529397964,2.2433460076045626,0.6,-0.001889857877421747,1.0
provo,8,23595,-0.0018843356084761564,negative,0.04873934015631676,3.11787072243346,0.2,-0.002650771310913894,1.0
provo,8,8171,-0.0018597601634056532,negative,0.10584309697151184,7.832699619771863,0.6,-0.001657009299661892,1.0
provo,8,14311,-0.001553731950975334,negative,0.02983585186302662,2.6996197718631176,0.6,-0.0013575336248560995,1.0
provo,8,14223,0.0014462142713705453,positive,0.021949773654341698,2.2813688212927756,0.6,0.001043661254374921,1.0
provo,8,2360,-0.0014070944613502933,negative,0.004209771752357483,2.2813688212927756,0.6,-0.0012924491824808277,1.0
provo,8,22355,-0.00137639267075792,negative,0.19763322174549103,11.977186311787072,0.4,-0.0014332223943654251,1.0
provo,8,23795,-0.0013554914463698572,negative,0.048135485500097275,4.182509505703422,0.8,-0.0013342112133266307,1.0
provo,8,6920,0.001290943909211987,positive,0.04447284713387489,4.600760456273764,0.6,0.0011418546021810564,1.0
provo,8,23013,-0.0012550215454896429,negative,0.12239406257867813,3.4980988593155895,0.8,-0.001757375923613393,1.0
provo,8,562,-0.0012510128730203016,negative,0.03500007838010788,4.030418250950571,0.8,-0.0005588514081866773,1.0
provo,8,1086,0.0010566287338735336,positive,0.03922975808382034,2.8897338403041823,0.2,0.0016519353308413942,1.0
provo,8,13847,0.0010436686339506513,positive,0.025062723085284233,2.129277566539924,0.4,0.0013567834442437835,1.0
provo,8,14939,0.0010232068844910997,positive,0.03331475704908371,3.5361216730038025,0.6,0.000659282145098333,1.0
provo,8,19279,0.001001925430343203,positive,0.05504787340760231,6.387832699619772,0.4,0.0009578810729628836,1.0
provo,8,24537,0.0009428447738787532,positive,0.060604266822338104,5.399239543726235,0.4,0.0009943399071528649,1.0
provo,8,19550,0.000908784286993026,positive,0.046503618359565735,2.0532319391634983,0.4,0.00038187268505202656,1.0
provo,8,10022,0.000876561698454339,positive,0.03486795350909233,4.182509505703422,0.4,0.0014126764947479118,1.0
provo,8,4813,0.0007490768721900096,positive,0.06924252957105637,7.110266159695818,0.4,0.0007325308681448089,1.0
provo,8,5676,-0.0006766827753855,negative,0.1267504096031189,7.642585551330798,0.4,-0.0008629330908296489,1.0
provo,8,17625,-0.0006551673610435068,negative,0.037820328027009964,2.585551330798479,0.6,-0.000814599618237938,1.0
provo,8,20200,0.0006418656724075455,positive,0.019380217418074608,4.67680608365019,0.2,0.000567461178626775,1.0
provo,8,16142,0.0006351041549526909,positive,0.054290447384119034,6.007604562737642,0.2,0.0009675623880225057,1.0
provo,8,18882,-0.0006240798150758807,negative,0.07764952629804611,8.136882129277566,0.4,-0.0006594812119825467,1.0
provo,8,7083,0.000610397790082358,positive,0.04608338698744774,3.76425855513308,0.2,0.0009198217909711537,1.0
provo,8,13928,-0.0005909926997257691,negative,0.11275945603847504,9.657794676806084,0.4,-0.0011027668798833327,1.0
provo,8,14997,-0.0005537375681900198,negative,0.047525804489851,5.133079847908745,0.6,-0.0006138904761576997,1.0
provo,8,13996,0.0004707466067474756,positive,0.043222833424806595,2.129277566539924,0.4,0.0002092242157212985,1.0
provo,8,351,-0.00046031199207413246,negative,0.12897934019565582,5.399239543726235,0.4,-0.0001300336306226766,1.0
provo,8,17616,-0.0004283795868257428,negative,0.022541409358382225,2.623574144486692,0.0,0.0,0.0
provo,8,10561,0.00042532622328406497,positive,0.06034737452864647,7.224334600760455,0.4,0.0010281923676845142,1.0
provo,8,17027,0.0003933247781884411,positive,0.05995865911245346,7.756653992395438,0.0,0.0,0.0
provo,8,11535,0.00033773735631528176,positive,0.10639027506113052,9.35361216730038,0.2,0.00046137621046923687,1.0
provo,8,13366,0.00032784272169120583,positive,0.030536584556102753,3.307984790874525,0.6,0.00042693858763986485,1.0
provo,8,4991,0.0002902041031886021,positive,0.06051661819219589,9.429657794676807,0.2,0.000732776276044687,1.0
provo,8,5627,-0.00028993700800601955,negative,0.012915922328829765,3.193916349809886,0.2,-0.0010341523538718177,1.0
provo,8,20719,-0.0002713172917159544,negative,0.01665932685136795,2.167300380228137,0.0,0.0,0.0
provo,8,10435,-0.00022083990034379585,negative,0.026270151138305664,3.3460076045627374,0.2,-0.00020392207317562427,1.0
provo,8,13947,-0.00021010645111370693,negative,0.048736292868852615,3.9923954372623576,0.2,-0.0003747703802591869,1.0
provo,8,22450,-0.00019795140209898367,negative,0.05993122234940529,2.319391634980988,0.2,-0.0012671621519485421,1.0
provo,8,10119,0.00015481377214276862,positive,0.030812380835413933,2.319391634980988,0.2,0.0004329114098434047,1.0
provo,8,7098,0.00015243627209125284,positive,0.010171827860176563,2.167300380228137,0.2,0.003272034163936927,1.0
provo,8,12710,9.653800422529935e-05,positive,0.01769314520061016,2.7756653992395437,0.2,0.0019277757903320102,1.0
provo,8,9729,-9.502288438245595e-05,negative,0.18351778388023376,12.661596958174906,0.0,0.0,0.0
provo,8,20824,-8.308504297539509e-05,negative,0.026156576350331306,2.8897338403041823,0.0,0.0,0.0
provo,8,10985,7.978556519117031e-05,positive,0.042471081018447876,4.448669201520913,0.0,0.0,0.0
provo,8,18878,-5.310434597338834e-05,negative,0.036939870566129684,3.5361216730038025,0.2,-0.0010300000010534409,1.0
provo,8,13127,1.640008708134778e-05,positive,0.05906281620264053,7.072243346007605,0.2,0.0007510471422362085,1.0
provo,8,19671,-7.661468010981457e-06,negative,0.14770998060703278,7.718631178707225,0.2,-0.0008945846256696739,1.0
provo,8,15104,-2.844508494419376e-06,negative,0.02661827951669693,2.129277566539924,0.2,-0.001213710857281104,1.0
provo,9,20601,0.005546395989329736,positive,0.06549040973186493,5.019011406844107,1.0,0.005003758959627972,1.0
provo,9,1636,-0.0033472756701815615,negative,0.03365045413374901,3.9163498098859315,1.0,-0.0031943421180540324,1.0
provo,9,7920,-0.0028179381551045163,negative,0.0804918110370636,2.2433460076045626,0.8,-0.0031832531485864813,1.0
provo,9,23099,-0.002088233570007485,negative,0.03747142478823662,5.133079847908745,0.8,-0.002274898469531375,1.0
provo,9,18085,-0.0015700511663732856,negative,0.10873336344957352,3.041825095057034,0.6,-0.002171865318597315,1.0
provo,9,20087,-0.0014979739401406536,negative,0.10716067999601364,2.3574144486692017,0.6,-0.002243523187042983,1.0
provo,9,1968,-0.0014337648722155443,negative,0.049246035516262054,5.665399239543726,0.6,-0.0020612008132972624,1.0
provo,9,3206,-0.0012646283994307698,negative,0.06840524077415466,2.2433460076045626,1.0,-0.0009301950157200691,1.0
provo,9,21966,-0.0009396753944240473,negative,0.07403799146413803,6.61596958174905,0.8,-0.0009332944303902707,1.0
provo,9,9658,-0.0008829657386034103,negative,0.05314762890338898,3.76425855513308,0.6,-0.001106287069777702,1.0
provo,9,16758,-0.000845603617559279,negative,0.029595160856842995,2.8897338403041823,0.8,-0.0007159221283765299,1.0
provo,9,17906,0.00084531156300153,positive,0.039580218493938446,4.790874524714829,0.6,0.0010259109390165415,1.0
provo,9,4,-0.0007615354203267096,negative,0.06728117167949677,4.866920152091255,0.8,-0.0012849455256527002,1.0
provo,9,17954,0.0006074481969457899,positive,0.06016021966934204,4.866920152091255,0.8,0.0010776509792119445,1.0
provo,9,9926,-0.0004436527467108693,negative,0.043234094977378845,4.600760456273764,0.6,-0.00033047668945208257,1.0
provo,9,19944,0.00030648589174218997,positive,0.0724659413099289,2.547528517110266,0.8,0.0006127877579348178,1.0
provo,9,4440,0.00030368723614235634,positive,0.03846630081534386,4.258555133079848,0.6,0.0010392152488078882,1.0
provo,9,4998,0.00029998966499414885,positive,0.018643084913492203,3.269961977186312,0.4,0.0009656188894928296,1.0
provo,9,3478,0.00027572184324197124,positive,0.030985573306679726,2.319391634980988,0.4,0.0011333828191693828,1.0
provo,9,6193,-0.0002255727797368852,negative,0.03230175003409386,4.600760456273764,0.6,-0.001282607002991071,1.0
provo,9,22403,-0.00021123868533439867,negative,0.02236175537109375,4.030418250950571,0.6,-0.0008232253240466888,1.0
provo,9,12757,9.994538915855523e-05,positive,0.0220949724316597,2.8136882129277567,0.4,0.001013739294542065,1.0
provo,9,16617,3.044177501099942e-05,positive,0.03379865735769272,2.9277566539923954,0.4,0.000989099275958571,1.0
provo,9,14976,1.0830848472865512e-05,positive,0.025580866262316704,2.585551330798479,0.4,0.0009386412071669695,1.0
provo,10,19520,-0.0038662181632971777,negative,0.0896921157836914,2.737642585551331,0.8,-0.002927956379170233,1.0
provo,10,3951,0.003664081655184316,positive,0.02269706130027771,3.307984790874525,1.0,0.002136491174441175,1.0
provo,10,16414,0.003480608976704633,positive,0.032344281673431396,2.585551330798479,1.0,0.002564402436232749,1.0
provo,10,7190,0.003287802060275926,positive,0.045804645866155624,3.802281368821293,1.0,0.002397362033372653,1.0
provo,10,15463,-0.0029383053269676205,negative,0.08952180296182632,2.9277566539923954,0.8,-0.001870213459568971,1.0
provo,10,3513,-0.0025589730710275293,negative,0.2597467303276062,13.992395437262358,0.6,-0.002515781660848843,1.0
provo,10,10983,-0.002379370071459196,negative,0.194858118891716,2.6615969581749046,0.8,-0.0014777576238587174,1.0
provo,10,19146,0.0021066578001234797,positive,0.03403555974364281,3.4600760456273765,0.6,0.0019052743669407558,1.0
provo,10,8589,0.0020795193286271985,positive,0.028915295377373695,2.9277566539923954,0.6,0.001538779854230156,1.0
provo,10,17540,0.0019452102007102992,positive,0.053440798074007034,2.547528517110266,0.6,0.0009884099395844866,1.0
provo,10,1871,-0.0018649143766173058,negative,0.012364404276013374,4.2965779467680605,0.8,-0.001498285747089091,1.0
provo,10,8630,-0.0018221272780237737,negative,0.08015760034322739,2.6996197718631176,1.0,-0.0009729944572375195,1.0
provo,10,19725,0.0017480740824715787,positive,0.02629971317946911,2.737642585551331,0.8,0.001116873657464178,1.0
provo,10,21173,0.0016867126363619654,positive,0.04977388679981232,5.323193916349809,0.6,0.001272224985708366,1.0
provo,10,2880,-0.0015607583706143057,negative,0.024282654747366905,2.4334600760456273,0.4,-0.002259072799963692,1.0
provo,10,19591,-0.0014862570961517681,negative,0.05611421540379524,2.623574144486692,0.4,-0.001831664870413056,1.0
provo,10,20356,-0.0013886203062925867,negative,0.08901353180408478,5.931558935361217,0.6,-0.001106729024715755,1.0
provo,10,23773,0.0013808555289673708,positive,0.08409092575311661,4.828897338403042,0.4,0.0012209876831341454,1.0
provo,10,24530,0.00134071371047153,positive,0.11449459940195084,7.832699619771863,0.6,0.0011359366707704966,1.0
provo,10,3847,-0.0011997497459182449,negative,0.04227880761027336,2.4334600760456273,0.4,-0.0009873400811219882,1.0
provo,10,18635,-0.0011936799315433845,negative,0.020406285300850868,2.4714828897338403,0.4,-0.001002431532585106,1.0
provo,10,22183,0.001165334487329857,positive,0.09140657633543015,4.144486692015209,0.6,0.0006468572051353235,1.0
provo,10,17323,0.001083695504155677,positive,0.036995165050029755,4.486692015209125,0.4,0.0003644496357207091,1.0
provo,10,20887,-0.0009741979051316576,negative,0.1191902682185173,12.585551330798477,0.6,-0.0008510511701808155,1.0
provo,10,3354,-0.0009655583502853539,negative,0.1780404895544052,18.555133079847906,0.6,-0.000498962861905313,1.0
provo,10,5951,-0.0009492464316657578,negative,0.04473178833723068,3.878326996197719,0.6,-0.0006386647293652655,1.0
provo,10,17853,0.0009383884603893457,positive,0.030332714319229126,3.574144486692015,0.2,0.0036547662749096812,1.0
provo,10,20495,-0.0008501223056717775,negative,0.040035638958215714,5.855513307984791,0.4,-0.00038240877724119874,1.0
provo,10,20427,-0.0008062438435832899,negative,0.07474188506603241,3.4220532319391634,0.2,-0.0002313457084124514,1.0
provo,10,23440,0.0007937296528025018,positive,0.030590113252401352,4.220532319391635,0.2,0.0014176844292012702,1.0
provo,10,20014,0.00078449688143198,positive,0.04479677602648735,3.5361216730038025,0.4,0.0004993551954179146,1.0
provo,10,24399,0.0007684162361135119,positive,0.07053898274898529,4.258555133079848,0.2,0.001624304323059144,1.0
provo,10,949,-0.0007677893239112064,negative,0.07266569882631302,5.399239543726235,0.2,-0.0010892433213235766,1.0
provo,10,21231,0.0007576607771399967,positive,0.02616739086806774,3.155893536121673,0.2,0.0008310825453830431,1.0
provo,10,16517,-0.0007310115277965909,negative,0.0351814404129982,3.76425855513308,0.4,-0.0004168510550123383,1.0
provo,10,9561,-0.0006897924176460272,negative,0.04528014361858368,3.5361216730038025,0.4,-0.0010892774425792374,1.0
provo,10,24260,0.0006081307414773786,positive,0.030038347467780113,2.8136882129277567,0.0,0.0,0.0
provo,10,13299,-0.0005319723873669829,negative,0.032118216156959534,3.11787072243346,0.2,-0.0002782831646620753,1.0
provo,10,12696,0.0005215319299518823,positive,0.03436288610100746,3.9923954372623576,0.2,0.0008559311163932408,1.0
provo,10,22859,-0.0005144235241725708,negative,0.05398900806903839,3.878326996197719,0.6,-0.0003771508097175154,1.0
provo,10,21348,0.00047143580808209356,positive,0.03155922517180443,2.8517110266159698,0.0,0.0,0.0
provo,10,11345,-0.00046778227496678537,negative,0.13086993992328644,2.5095057034220534,0.6,-0.00038301682377971883,1.0
provo,10,17592,-0.0004654110918770975,negative,0.1339299976825714,10.608365019011407,0.2,-0.0002108577695376603,1.0
provo,10,8879,-0.00039954526240553774,negative,0.05147019401192665,2.8517110266159698,0.0,0.0,0.0
provo,10,12533,-0.0003271668882351525,negative,0.12402212619781494,4.410646387832699,0.0,0.0,0.0
provo,10,12256,0.00032027309018547914,positive,0.020899439230561256,2.585551330798479,0.0,0.0,0.0
provo,10,2148,-0.00028787762877385413,negative,0.05016075819730759,3.4600760456273765,0.0,0.0,0.0
provo,10,15454,0.0002720803159908538,positive,0.038357313722372055,3.574144486692015,0.4,0.0004038728322519776,1.0
provo,10,10210,-0.0002716059529799495,negative,0.1942111700773239,9.885931558935361,0.0,0.0,0.0
provo,10,3600,-0.00026876198612494023,negative,0.06081916764378548,2.585551330798479,0.2,-0.000684584062361295,1.0
provo,10,6874,-0.00026562065190464213,negative,0.04544919356703758,3.8403041825095054,0.2,-0.0005843986260332634,1.0
provo,10,146,0.0002534584008662675,positive,0.04785143956542015,4.334600760456274,0.0,0.0,0.0
provo,10,13040,-0.00019485742085176123,negative,0.022482413798570633,2.623574144486692,0.0,0.0,0.0
provo,10,17348,-0.0001240642882784737,negative,0.03556511923670769,2.547528517110266,0.0,0.0,0.0
provo,10,10136,-0.00011797002023922357,negative,0.5305691361427307,11.939163498098859,0.0,0.0,0.0
provo,10,15579,3.074130180032143e-05,positive,0.02343500405550003,2.3954372623574147,0.2,5.5515585928333595e-05,1.0
provo,11,3384,0.004816782852907295,positive,0.07437147200107574,2.6615969581749046,1.0,0.004639766654872159,1.0
provo,11,14277,-0.004322090868131114,negative,0.20350170135498047,3.079847908745247,1.0,-0.0042156306535964415,1.0
provo,11,10475,-0.002987565328278846,negative,0.10537195205688477,5.779467680608365,1.0,-0.00288191998039991,1.0
provo,11,4507,-0.0026803347450434153,negative,0.04741733521223068,1.9011406844106464,1.0,-0.002681217533824865,1.0
provo,11,3824,0.0021057933170241057,positive,0.036485474556684494,2.8517110266159698,1.0,0.0021081682869506747,1.0
provo,11,13276,-0.002059954103244735,negative,0.036320630460977554,2.623574144486692,1.0,-0.0020345356064707925,1.0
provo,11,6031,-0.001783627916027144,negative,0.040911152958869934,3.2319391634980987,1.0,-0.0014846322621852475,1.0
provo,11,3126,-0.001770783730044175,negative,0.14116628468036652,3.8403041825095054,1.0,-0.0015961938249121552,1.0
provo,11,5154,0.0013483594372870069,positive,0.03240995854139328,2.2053231939163496,0.8,0.0017102352419935754,1.0
provo,11,6592,-0.0011371985940060172,negative,0.06236550956964493,3.6121673003802277,0.8,-0.0014220942584406327,1.0
provo,11,1834,-0.0010949185059560393,negative,0.036957453936338425,3.003802281368821,0.6,-0.0019213164804295065,1.0
provo,11,3306,-0.0010449002867493808,negative,0.13294561207294464,2.8517110266159698,1.0,-0.0009467758873115499,1.0
provo,11,20248,-0.0007808366637008432,negative,0.05243732035160065,1.9391634980988595,1.0,-0.0007131571177541433,1.0
provo,11,21787,-0.0005780149048294184,negative,0.1469358652830124,6.273764258555133,0.6,-0.0013971732430752106,1.0
provo,11,1617,-0.0005099666207794409,negative,0.23501837253570557,2.129277566539924,0.8,-0.0008808423613571988,1.0
provo,11,20965,-0.00042733295928503346,negative,0.09065671265125275,2.623574144486692,1.0,-0.0005260624004206638,1.0
provo,11,10387,-0.0002152751445963801,negative,0.024243945255875587,2.3954372623574147,0.8,-0.0007941906123813509,1.0
provo,11,22910,4.36378839734918e-05,positive,0.03902070224285126,2.9657794676806084,0.4,0.0009483783077482366,1.0
provo,12,5963,-0.006853972738302378,negative,0.5644749999046326,4.030418250950571,1.0,-0.0060466082166157455,1.0
provo,12,17619,0.0053880368954566426,positive,0.12088056653738022,3.5361216730038025,1.0,0.004246276411098393,1.0
provo,12,7055,-0.0016280540308275387,negative,1.8864701986312866,34.98098859315589,0.6,-0.0014216279533392894,1.0
provo,12,10825,-0.0015224963243960022,negative,0.06210725009441376,2.129277566539924,0.8,-0.0008614725997418922,1.0
provo,12,1330,-0.0014146595222224783,negative,0.030123796314001083,2.091254752851711,0.6,-0.0015453665575235823,1.0
provo,12,8410,0.0011234374759660542,positive,0.08335914462804794,1.977186311787072,0.8,0.0005435567930535316,1.0
provo,12,15103,0.0009692414020850673,positive,0.10818833857774734,2.319391634980988,0.6,0.0010880607906575779,1.0
provo,12,5301,-0.0008131904254473684,negative,0.31878820061683655,2.2053231939163496,0.6,-0.0007941661098508244,1.0
provo,12,13083,-0.000761825858617421,negative,0.050552379339933395,1.9011406844106464,0.4,-0.0013384292292603329,1.0
provo,12,5182,0.0007401347826828561,positive,0.06559602916240692,2.129277566539924,0.2,0.0013617793762273885,1.0
provo,12,5156,-0.0007388493865780782,negative,0.20768806338310242,2.2813688212927756,0.6,-0.0010656173024658196,1.0
provo,12,15814,0.000704766884453398,positive,0.14813947677612305,8.97338403041825,0.4,0.0013761743669324302,1.0
provo,12,6879,-0.0007017858786038131,negative,0.08014626055955887,2.167300380228137,0.4,-0.0003156670643496471,1.0
provo,12,24271,0.0006791189984897024,positive,0.08145158737897873,2.6615969581749046,0.6,0.00048665611131466975,1.0
provo,12,2440,-0.00046799775562635776,negative,0.10751351714134216,5.247148288973384,0.4,-0.000536807747967471,1.0
provo,12,6672,-0.00036951168553052573,negative,0.05751311406493187,1.9391634980988595,0.2,-0.0010644988051101585,1.0
provo,12,23184,-0.0002358621429063666,negative,0.054824475198984146,2.3954372623574147,0.2,-0.00075178841066708,1.0
provo,12,6168,0.0001460108762187121,positive,0.3166249096393585,1.9011406844106464,0.2,0.00020587538275947825,1.0
provo,12,1531,-0.0001429411876104075,negative,0.19434906542301178,4.410646387832699,0.2,-0.0006722830070787366,1.0
provo,12,12956,0.00012255990025683553,positive,0.03001110814511776,2.091254752851711,0.4,0.0010109226676583672,1.0
provo,12,3067,-9.465418650646264e-05,negative,0.29598701000213623,5.475285171102662,0.4,-0.00019659978791220964,1.0
provo,12,23772,-4.571655486527333e-06,negative,0.16051067411899567,6.083650190114068,0.2,-0.0004743489784981206,1.0
